user_name,date,game_mode,kills,damage,survival_time_seconds,rescue,distance_traveled,skill_uses,preferred_skill,preferred_weapon_1,preferred_weapon_2,arsenal,accuracy,head_shot,earned_rank_xp,earned_xp,high_tier,win_loss,final_position,total_groups,relative_position
dayiszc,2024-04-20,Squad,3,839,929.0,0,4422,1,Rewind,M4,Bazzoca FHJ,1,0.257,0.0,55,12896,1,1,1,26,3.8461538461538463
dayiszc,2024-04-20,Squad,3,585,863.0,0,4147,4,Rewind,M4,Bazzoca FHJ,1,0.243,0.0,18,9563,0,0,6,26,23.076923076923077
dayiszc,2024-04-20,Single,9,1765,1164.0,0,4296,4,Rewind,M4,Bazzoca FHJ,1,0.361,0.111,76,13969,0,1,1,100,1.0
dayiszc,2024-04-21,Single,6,1250,1025.0,0,3512,2,Rewind,M4,Bazzoca FHJ,1,0.44799999999999995,0.0,57,13223,0,0,2,100,2.0
dayiszc,2024-04-22,Single,6,1365,833.0,0,3819,1,Rewind,M4,Bazzoca FHJ,0,0.297,0.16699999999999998,23,2356,0,0,16,100,16.0
dayiszc,2024-04-23,Single,0,57,93.0,0,1160,0,Rewind,M4,Bazzoca FHJ,0,0.0,0.0,-30,1023,1,0,100,100,100.0
katherineguti,2024-04-19,Squad,7,1774,1018.0,0,3840,4,Ravager Launcher,M4,Sniper M21,1,0.35,0.14300000000000002,43,9230,1,0,2,26,7.6923076923076925
katherineguti,2024-04-19,Squad,5,1912,863.0,1,3542,5,Ravager Launcher,M4,Sniper M21,1,0.35600000000000004,0.4,23,5202,0,0,6,26,23.076923076923077
soniacuro,2024-04-19,Squad,1,299,929.0,0,3470,7,Clown,AK117,Sniper Tundra,1,0.191,0.0,69,11056,1,1,1,26,3.8461538461538463
soniacuro,2024-04-19,Squad,2,645,863.0,0,2695,2,Clown,AK117,Sniper Tundra,1,0.8390000000000001,0.0,39,5369,0,0,6,26,23.076923076923077
soniacuro,2024-04-19,Squad,5,1435,1018.0,0,3581,7,Clown,AK117,Sniper Tundra,1,0.263,0.0,58,6512,1,0,2,26,7.6923076923076925
endergzlz,2024-04-21,Single,0,115,87.0,0,1282,1,Ninja,M4,Sniper DLQ,0,0.038,0.0,-4,2001,1,0,97,100,97.0
endergzlz,2024-04-21,Single,8,1561,626.0,0,6212,1,Ninja,M4,Sniper DLQ,1,0.353,0.375,34,2369,0,0,33,100,33.0
endergzlz,2024-04-21,Single,10,2317,1042.0,0,5642,5,Ninja,M4,Sniper DLQ,1,0.28600000000000003,0.0,89,4523,0,0,5,100,5.0
endergzlz,2024-04-22,Single,4,929,561.0,0,4464,10,Ninja,M4,Sniper DLQ,0,0.161,0.0,30,3325,0,0,36,100,36.0
endergzlz,2024-04-23,Single,2,493,135.0,0,2256,0,Ninja,M4,Sniper DLQ,0,0.177,0.0,0,2560,1,0,91,100,91.0
endergzlz,2024-04-23,Single,13,2512,835.0,0,6020,19,Ninja,M4,Sniper DLQ,0,0.201,0.077,39,3695,0,0,13,100,13.0
endergzlz,2024-04-23,Single,12,2694,1091.0,0,8451,28,Ninja,M4,Sniper DLQ,1,0.221,0.083,215,11023,1,1,1,100,1.0
endergzlz,2024-04-24,Single,6,1388,949.0,0,5886,9,Ninja,M4,Sniper DLQ,1,0.156,0.0,88,5623,0,0,8,100,8.0
endergzlz,2024-04-25,Single,13,2334,1059.0,0,6675,19,Ninja,M4,Sniper DLQ,1,0.23399999999999999,0.154,110,12369,1,1,1,100,1.0
endergzlz,2024-04-25,Single,3,649,687.0,0,3685,7,Ninja,M4,Sniper DLQ,0,0.124,0.33299999999999996,35,4569,0,0,27,100,27.0
endergzlz,2024-04-26,Single,15,2648,1031.0,0,8984,30,Ninja,M4,Sniper DLQ,1,0.2,0.133,123,12003,1,1,1,100,1.0
endergzlz,2024-04-27,Single,0,115,87.0,0,1282,1,Ninja,M4,Sniper DLQ,0,0.038,0.0,-4,2896,1,0,97,100,97.0
dayiszc,2024-04-21,Squad,2,1042,1018.0,0,3704,0,Rewind,AK47,Bazzoca FHJ,1,0.409,0.0,160,5698,1,0,2,26,7.6923076923076925
dayiszc,2024-04-22,Squad,1,483,1177.0,2,5136,1,Rewind,AK47,Bazzoca FHJ,1,0.32799999999999996,0.0,76,5239,0,0,2,26,7.6923076923076925
dayiszc,2024-04-23,Squad,14,3326,1055.0,1,5549,3,Rewind,AK47,Sniper M21,1,0.348,0.071,78,11746,0,1,1,26,3.8461538461538463
dayiszc,2024-04-24,Squad,8,2532,1027.0,0,3677,2,Rewind,AK47,Bazzoca FHJ,1,0.56,0.0,63,9568,1,0,2,26,7.6923076923076925
dayiszc,2024-04-25,Single,5,1380,1030.0,0,5423,5,Rewind,AK47,Bazzoca FHJ,1,0.263,0.0,66,11999,1,1,1,100,1.0
katherineguti,2024-04-20,Squad,5,1605,946.0,1,3198,5,Ravager Launcher,AK47,Sniper M21,1,0.36,0.0,68,6987,0,0,2,26,7.6923076923076925
katherineguti,2024-04-20,Squad,6,1600,816.0,0,2650,3,Ravager Launcher,AK47,Sniper M21,1,0.289,0.16699999999999998,34,5632,0,0,6,25,24.0
katherineguti,2024-04-20,Squad,0,114,121.0,0,1565,0,Ravager Launcher,AK47,Sniper M21,0,0.15,0.0,0,2136,1,0,25,25,100.0
katherineguti,2024-04-20,Squad,9,2463,803.0,4,3603,6,Ravager Launcher,AK47,Sniper M21,1,0.37,0.0,51,5647,1,0,6,25,24.0
katherineguti,2024-04-20,Squad,2,792,617.0,1,3416,2,Ravager Launcher,AK47,Sniper M21,0,0.36,0.0,1,3698,0,0,14,25,56.00000000000001
katherineguti,2024-04-20,Squad,4,1166,965.0,1,4144,4,Ravager Launcher,AK47,Sniper M21,1,0.35100000000000003,0.25,49,5639,1,0,6,25,24.0
katherineguti,2024-04-20,Squad,6,1845,1069.0,4,4125,4,Ravager Launcher,AK47,Sniper M21,1,0.39,0.0,84,12036,1,1,1,26,3.8461538461538463
katherineguti,2024-04-20,Squad,0,55,222.0,0,1062,0,Ravager Launcher,AK47,Sniper M21,0,0.25,0.0,0,3605,0,0,20,26,76.92307692307693
katherineguti,2024-04-20,Squad,3,1527,402.0,0,2603,1,Ravager Launcher,AK47,Sniper M21,0,0.46799999999999997,0.0,0,3896,0,0,18,26,69.23076923076923
katherineguti,2024-04-20,Squad,9,2635,1078.0,2,5124,5,Ravager Launcher,AK47,Sniper M21,1,0.311,0.111,84,10235,0,1,1,25,4.0
katherineguti,2024-04-21,Squad,6,2196,964.0,0,4531,5,Ravager Launcher,AK47,Sniper M21,1,0.242,0.0,46,6897,0,0,5,26,19.230769230769234
katherineguti,2024-04-21,Squad,3,1283,763.0,0,5591,3,Ravager Launcher,AK47,Sniper M21,0,0.581,0.0,13,5634,0,0,9,25,36.0
katherineguti,2024-04-21,Squad,2,907,551.0,0,2681,1,Ravager Launcher,AK47,Sniper M21,0,0.667,0.0,0,3269,0,0,16,25,64.0
katherineguti,2024-04-21,Squad,3,993,821.0,1,3734,4,Ravager Launcher,AK47,Sniper M21,0,0.359,0.0,20,5612,0,0,8,25,32.0
katherineguti,2024-04-23,Squad,7,2474,1166.0,1,4640,8,Ravager Launcher,AK47,Sniper M21,1,0.42100000000000004,0.14300000000000002,105,11547,1,1,1,26,3.8461538461538463
katherineguti,2024-04-23,Squad,12,4399,1125.0,0,4337,7,Ravager Launcher,AK47,Sniper M21,1,0.737,0.16699999999999998,57,10254,0,0,2,26,7.6923076923076925
katherineguti,2024-04-23,Squad,2,616,1162.0,1,5667,3,Ravager Launcher,AK47,Sniper M21,1,0.205,0.0,118,7963,0,0,3,25,12.0
katherineguti,2024-04-23,Squad,10,2442,1036.0,1,4646,6,Ravager Launcher,AK47,Sniper M21,1,0.278,0.0,105,10489,0,1,1,26,3.8461538461538463
katherineguti,2024-04-26,Duo,0,93,147.0,0,1134,0,Ravager Launcher,AK47,Sniper M21,0,0.273,0.0,-30,2365,1,0,48,51,94.11764705882352
katherineguti,2024-04-26,Duo,3,1031,738.0,0,2937,3,Ravager Launcher,AK47,Sniper M21,0,0.326,0.0,1,2966,0,0,22,51,43.13725490196079
katherineguti,2024-04-26,Duo,3,813,698.0,0,3140,5,Ravager Launcher,AK47,Sniper M21,0,0.17,0.667,4,3002,0,0,17,51,33.33333333333333
katherineguti,2024-04-26,Duo,8,1504,609.0,0,3344,2,Ravager Launcher,AK47,Sniper M21,1,0.5710000000000001,0.125,5,2563,0,0,19,50,38.0
katherineguti,2024-04-26,Duo,4,1016,430.0,0,2395,2,Ravager Launcher,AK47,Sniper M21,0,0.175,0.5,-14,2030,1,0,31,52,59.61538461538461
katherineguti,2024-04-26,Duo,7,2909,1052.0,0,4215,6,Ravager Launcher,AK47,Sniper M21,1,0.196,0.429,78,10298,1,1,1,50,2.0
katherineguti,2024-04-26,Duo,4,970,743.0,0,3216,2,Ravager Launcher,AK47,Sniper M21,1,0.46399999999999997,0.0,12,3695,0,0,14,51,27.450980392156865
katherineguti,2024-04-26,Duo,11,3040,1176.0,1,3026,5,Ravager Launcher,AK47,Sniper M21,1,0.29100000000000004,0.091,67,9526,0,0,2,51,3.9215686274509802
katherineguti,2024-04-26,Squad,6,1740,719.0,0,3132,3,Ravager Launcher,AK47,Sniper M21,0,0.263,0.0,7,3658,1,0,11,26,42.30769230769231
katherineguti,2024-04-26,Squad,0,226,124.0,0,1569,0,Ravager Launcher,AK47,Sniper M21,0,1.0,0.0,-29,2374,1,0,25,25,100.0
katherineguti,2024-04-26,Squad,0,354,559.0,1,2351,1,Ravager Launcher,AK47,Sniper M21,0,0.25,0.0,-7,5801,0,0,15,25,60.0
katherineguti,2024-04-26,Squad,4,1619,1041.0,0,3549,4,Ravager Launcher,AK47,Sniper M21,1,0.213,0.25,48,9635,1,0,2,26,7.6923076923076925
katherineguti,2024-04-26,Squad,3,1082,431.0,0,2797,1,Ravager Launcher,AK47,Sniper M21,0,0.43799999999999994,0.33299999999999996,-12,5002,0,0,17,26,65.38461538461539
katherineguti,2024-04-26,Squad,6,1753,644.0,1,3010,2,Ravager Launcher,AK47,Sniper M21,0,0.413,0.16699999999999998,2,5523,0,0,15,25,60.0
katherineguti,2024-04-26,Squad,1,268,172.0,0,1770,1,Ravager Launcher,AK47,Sniper M21,0,0.255,0.0,-29,2541,1,0,25,25,100.0
katherineguti,2024-04-26,Squad,9,2293,1173.0,0,4961,5,Ravager Launcher,AK47,Sniper M21,1,0.319,0.33299999999999996,83,8961,1,0,2,25,8.0
katherineguti,2024-04-26,Squad,5,1572,1091.0,1,4724,6,Ravager Launcher,AK47,Sniper M21,1,0.28,0.2,90,10999,1,1,1,26,3.8461538461538463
katherineguti,2024-04-26,Squad,7,1874,962.0,0,4108,3,Ravager Launcher,AK47,Sniper M21,1,0.445,0.429,59,8002,0,0,2,25,8.0
katherineguti,2024-04-28,Squad,4,1284,974.0,0,4027,3,Ravager Launcher,AK47,Sniper M21,1,0.348,0.0,67,7968,1,0,3,25,12.0
katherineguti,2024-04-28,Squad,12,3712,1172.0,0,5044,6,Ravager Launcher,AK47,Sniper M21,1,0.387,0.16699999999999998,103,10236,0,1,1,25,4.0
katherineguti,2024-04-28,Squad,6,1221,600.0,0,3106,3,Ravager Launcher,AK47,Sniper M21,0,0.36,0.16699999999999998,-1,5963,1,0,14,26,53.84615384615385
katherineguti,2024-04-28,Squad,1,268,245.0,0,1023,1,Ravager Launcher,AK47,Sniper M21,0,0.516,0.0,-29,4569,0,0,23,26,88.46153846153845
katherineguti,2024-04-28,Squad,8,1161,662.0,0,2889,3,Ravager Launcher,AK47,Sniper M21,0,0.47100000000000003,0.125,2,4963,0,0,12,25,48.0
katherineguti,2024-04-28,Squad,8,1907,1011.0,0,4368,6,Ravager Launcher,AK47,Sniper M21,0,0.321,0.25,76,10578,0,1,1,26,3.8461538461538463
katherineguti,2024-04-28,Squad,1,331,442.0,0,3235,0,Ravager Launcher,AK47,Sniper M21,0,1.0,0.0,-9,5682,1,0,15,25,60.0
katherineguti,2024-04-28,Squad,4,988,529.0,0,2533,1,Ravager Launcher,AK47,Sniper M21,0,0.345,0.25,-4,5821,0,0,14,25,56.00000000000001
katherineguti,2024-04-28,Squad,6,1422,1081.0,0,5675,6,Ravager Launcher,AK47,Sniper M21,1,0.205,0.0,78,9487,1,0,2,25,8.0
katherineguti,2024-04-28,Squad,6,2082,1111.0,2,5165,11,Ravager Launcher,AK47,Sniper M21,1,0.125,0.0,60,10963,0,1,1,25,4.0
katherineguti,2024-04-28,Squad,9,3108,1136.0,1,4934,7,Ravager Launcher,AK47,Sniper M21,1,0.319,0.111,86,10958,1,1,1,27,3.7037037037037033
katherineguti,2024-04-28,Squad,6,2016,1086.0,1,5496,8,Ravager Launcher,AK47,Sniper M21,1,0.292,0.0,60,9963,0,1,1,25,4.0
dayiszc,2024-04-20,Squad,1,673,816.0,0,3228,1,Rewind,AK47,Bazzoca FHJ,1,0.107,0.0,34,6584,0,0,6,25,24.0
dayiszc,2024-04-20,Squad,0,0,121.0,0,1772,0,Rewind,AK47,Bazzoca FHJ,0,0.0,0.0,0,2356,1,0,25,25,100.0
dayiszc,2024-04-20,Squad,1,832,803.0,1,3538,2,Rewind,AK47,Bazzoca FHJ,1,0.261,1.0,36,6237,0,0,6,27,22.22222222222222
dayiszc,2024-04-20,Squad,3,1193,617.0,1,2759,0,Rewind,AK47,Bazzoca FHJ,0,0.47200000000000003,0.0,4,5791,0,0,14,25,56.00000000000001
dayiszc,2024-04-20,Squad,1,950,965.0,0,3572,2,Rewind,AK47,Bazzoca FHJ,1,0.266,0.0,41,7001,1,0,6,25,24.0
dayiszc,2024-04-20,Squad,3,1096,1069.0,2,5529,1,Rewind,AK47,Bazzoca FHJ,1,0.363,0.33299999999999996,82,12039,1,1,1,26,3.8461538461538463
dayiszc,2024-04-20,Squad,4,1184,606.0,0,3363,1,Rewind,AK47,Bazzoca FHJ,1,0.307,0.0,0,5369,0,0,14,26,53.84615384615385
dayiszc,2024-04-20,Squad,0,168,222.0,0,1204,1,Rewind,AK47,Bazzoca FHJ,0,0.233,0.0,-29,3574,1,0,20,26,76.92307692307693
dayiszc,2024-04-20,Squad,1,332,402.0,0,2378,0,Rewind,AK47,Bazzoca FHJ,0,0.184,0.0,0,3025,0,0,18,26,69.23076923076923
dayiszc,2024-04-20,Squad,4,1164,1078.0,0,5351,3,Rewind,AK47,Bazzoca FHJ,1,0.215,0.0,82,11958,1,1,1,25,4.0
dayiszc,2024-04-20,Squad,5,2386,964.0,0,4710,3,Rewind,AK47,Bazzoca FHJ,1,0.5479999999999999,0.4,46,6254,0,0,5,26,19.230769230769234
dayiszc,2024-04-21,Squad,4,1376,763.0,1,4805,2,Rewind,AK47,Bazzoca FHJ,1,0.374,0.25,21,4998,0,0,9,25,36.0
dayiszc,2024-04-21,Squad,3,799,551.0,0,2579,0,Rewind,AK47,Bazzoca FHJ,0,0.439,0.0,0,5961,0,0,16,25,64.0
dayiszc,2024-04-21,Squad,3,1051,821.0,1,3498,2,Rewind,AK47,Bazzoca FHJ,1,0.32899999999999996,0.0,24,5998,0,0,8,25,32.0
dayiszc,2024-04-21,Squad,7,2078,1166.0,2,4001,2,Rewind,AK47,Bazzoca FHJ,1,0.33,0.14300000000000002,105,10997,1,1,1,26,3.8461538461538463
dayiszc,2024-04-23,Squad,4,1221,1125.0,1,3785,3,Rewind,AK47,Bazzoca FHJ,1,0.36,0.25,46,9052,1,0,2,26,7.6923076923076925
dayiszc,2024-04-23,Squad,2,1502,1162.0,4,3993,6,Rewind,AK47,Bazzoca FHJ,1,0.218,0.0,74,8413,1,0,3,25,12.0
dayiszc,2024-04-23,Squad,2,837,1036.0,1,5402,2,Rewind,AK47,Bazzoca FHJ,0,0.134,0.0,102,10054,0,1,1,26,3.8461538461538463
dayiszc,2024-04-26,Duo,0,289,147.0,0,1174,0,Rewind,AK47,Bazzoca FHJ,0,0.55,0.0,-29,2841,1,0,48,51,94.11764705882352
dayiszc,2024-04-26,Duo,4,1092,738.0,1,3024,0,Rewind,AK47,Bazzoca FHJ,0,0.41,0.0,3,2958,1,0,22,51,43.13725490196079
dayiszc,2024-04-26,Duo,5,1467,698.0,0,3612,1,Rewind,AK47,Bazzoca FHJ,1,0.26899999999999996,0.0,6,5663,0,0,17,51,33.33333333333333
dayiszc,2024-04-26,Duo,2,833,609.0,0,3288,1,Rewind,AK47,Bazzoca FHJ,1,0.534,0.0,1,4987,0,0,19,50,38.0
dayiszc,2024-04-26,Duo,1,382,430.0,0,2580,1,Rewind,AK47,Bazzoca FHJ,0,0.16699999999999998,0.0,-19,4215,1,0,31,52,59.61538461538461
dayiszc,2024-04-26,Duo,13,3313,1052.0,1,4655,2,Rewind,AK47,Bazzoca FHJ,1,0.31,0.308,78,12089,1,1,1,50,2.0
dayiszc,2024-04-26,Duo,3,1162,743.0,0,3475,1,Rewind,AK47,Bazzoca FHJ,0,0.34700000000000003,0.0,10,5621,0,0,14,51,27.450980392156865
dayiszc,2024-04-26,Duo,8,2725,1176.0,1,4348,2,Rewind,AK47,Bazzoca FHJ,1,0.292,0.0,71,8561,0,0,2,51,3.9215686274509802
dayiszc,2024-04-26,Squad,2,584,719.0,0,3796,1,Rewind,AK47,Bazzoca FHJ,0,0.198,0.0,5,5982,1,0,11,26,42.30769230769231
dayiszc,2024-04-26,Squad,0,147,124.0,0,1333,0,Rewind,AK47,Bazzoca FHJ,0,0.222,0.0,-30,2135,1,0,25,25,100.0
dayiszc,2024-04-26,Squad,2,970,559.0,0,2573,0,Rewind,AK47,Bazzoca FHJ,0,0.302,0.0,-6,5723,0,0,15,25,60.0
dayiszc,2024-04-26,Squad,3,1169,1041.0,1,4463,0,Rewind,AK47,Bazzoca FHJ,1,0.294,0.0,74,8547,1,0,2,26,7.6923076923076925
dayiszc,2024-04-26,Squad,2,751,431.0,0,3146,0,Rewind,AK47,Bazzoca FHJ,0,0.354,0.0,-14,5136,0,0,17,26,65.38461538461539
dayiszc,2024-04-26,Squad,3,1246,644.0,0,3642,3,Rewind,AK47,Bazzoca FHJ,1,0.35700000000000004,0.0,-2,5681,0,0,15,25,60.0
dayiszc,2024-04-26,Squad,0,122,172.0,0,1484,0,Rewind,AK47,Bazzoca FHJ,0,0.313,0.0,-15,2589,1,0,25,25,100.0
dayiszc,2024-04-26,Squad,6,1388,1173.0,1,4169,2,Rewind,AK47,Bazzoca FHJ,1,0.212,0.16699999999999998,77,8479,1,0,2,25,8.0
dayiszc,2024-04-26,Squad,1,748,1091.0,2,5016,1,Rewind,AK47,Bazzoca FHJ,1,0.231,1.0,90,11002,1,1,1,26,3.8461538461538463
dayiszc,2024-04-26,Squad,1,765,962.0,2,4546,1,Rewind,AK47,Bazzoca FHJ,1,0.23,0.0,56,9254,0,0,2,25,8.0
dayiszc,2024-04-28,Squad,4,1727,974.0,3,4036,2,Rewind,AK47,Bazzoca FHJ,1,0.45899999999999996,0.0,71,8510,1,0,3,25,12.0
dayiszc,2024-04-28,Squad,11,3602,1172.0,2,4665,4,Rewind,AK47,Bazzoca FHJ,1,0.248,0.091,91,11548,1,1,1,25,4.0
dayiszc,2024-04-28,Squad,4,1524,600.0,0,3603,1,Rewind,AK47,Bazzoca FHJ,1,0.193,0.25,-1,5347,1,0,14,26,53.84615384615385
dayiszc,2024-04-28,Squad,1,299,245.0,0,1879,2,Rewind,AK47,Bazzoca FHJ,0,0.198,0.0,-27,3001,0,0,23,26,88.46153846153845
dayiszc,2024-04-28,Squad,3,1510,662.0,0,3811,1,Rewind,AK47,Bazzoca FHJ,1,0.361,0.33299999999999996,2,5984,0,0,12,25,48.0
dayiszc,2024-04-28,Squad,9,2025,1011.0,2,4310,1,Rewind,AK47,Bazzoca FHJ,1,0.305,0.111,76,9541,0,1,1,26,3.8461538461538463
dayiszc,2024-04-28,Squad,2,497,442.0,0,2992,1,Rewind,AK47,Bazzoca FHJ,0,0.4,0.0,-8,5832,1,0,15,25,60.0
dayiszc,2024-04-28,Squad,2,923,529.0,0,2655,2,Rewind,AK47,Bazzoca FHJ,0,0.21,0.0,-4,5941,0,0,14,25,56.00000000000001
dayiszc,2024-04-28,Squad,7,2241,1081.0,1,5418,0,Rewind,AK47,Bazzoca FHJ,1,0.255,0.14300000000000002,78,9963,1,0,2,25,8.0
dayiszc,2024-04-28,Squad,7,2409,1111.0,1,5921,1,Rewind,AK47,Bazzoca FHJ,1,0.213,0.0,76,10032,0,1,1,25,4.0
dayiszc,2024-04-28,Squad,3,920,1136.0,1,5195,3,Rewind,AK47,Bazzoca FHJ,1,0.21100000000000002,0.0,72,9214,1,1,1,27,3.7037037037037033
dayiszc,2024-04-28,Squad,6,2003,1086.0,1,5552,2,Rewind,AK47,Bazzoca FHJ,1,0.32799999999999996,0.0,59,9962,0,1,1,25,4.0
soniacuro,2024-04-19,Squad,0,24,185.0,0,1032,0,Clown,AK47,Sniper Tundra,0,0.071,0.0,-23,2341,1,0,25,26,96.15384615384616
soniacuro,2024-04-20,Squad,0,0,172.0,0,1239,1,Clown,AK47,Sniper Tundra,0,0.0,0.0,0,2100,0,0,25,25,100.0
soniacuro,2024-04-20,Squad,0,422,558.0,1,2717,6,Clown,AK47,Sniper Tundra,0,0.161,0.0,16,4958,0,0,14,25,56.00000000000001
soniacuro,2024-04-20,Squad,1,301,1088.0,3,3800,3,Clown,AK47,Sniper Tundra,0,0.044000000000000004,0.0,134,6700,1,0,2,25,8.0
soniacuro,2024-04-20,Squad,0,375,1140.0,1,3281,2,Clown,AK47,Sniper Tundra,0,0.313,0.0,52,5987,0,0,2,25,8.0
soniacuro,2024-04-20,Squad,2,307,471.0,0,2467,2,Clown,AK47,Sniper Tundra,0,0.259,0.0,0,5321,1,0,17,25,68.0
soniacuro,2024-04-20,Squad,3,775,884.0,0,3602,4,Clown,AK47,Sniper Tundra,1,0.23,0.0,86,9001,0,1,1,26,3.8461538461538463
soniacuro,2024-04-20,Squad,2,377,959.0,1,3835,5,Clown,AK47,Sniper Tundra,0,0.155,0.0,64,8412,0,0,3,26,11.538461538461538
soniacuro,2024-04-20,Squad,0,0,200.0,0,2200,1,Clown,AK47,Sniper Tundra,0,0.0,0.0,0,3541,1,0,23,25,92.0
soniacuro,2024-04-21,Squad,1,504,946.0,0,2933,2,Clown,AK47,Sniper Tundra,0,0.115,0.0,61,7412,0,0,2,26,7.6923076923076925
soniacuro,2024-04-21,Squad,5,936,816.0,0,2900,3,Clown,AK47,Sniper Tundra,1,0.114,0.0,34,5489,1,0,6,25,24.0
soniacuro,2024-04-21,Squad,0,0,121.0,0,1495,0,Clown,AK47,Sniper Tundra,0,0.0,0.0,0,1991,0,0,25,25,100.0
soniacuro,2024-04-21,Squad,0,256,803.0,1,3556,5,Clown,AK47,Sniper Tundra,0,0.087,0.0,76,5147,0,0,6,27,22.22222222222222
soniacuro,2024-04-21,Squad,2,651,617.0,0,3085,3,Clown,AK47,Sniper Tundra,0,0.13699999999999998,0.0,0,5823,1,0,14,25,56.00000000000001
soniacuro,2024-04-21,Squad,3,340,965.0,1,3257,4,Clown,AK47,Sniper Tundra,0,0.217,0.5,40,5205,0,0,6,25,24.0
soniacuro,2024-04-21,Squad,4,949,1069.0,0,3978,3,Clown,AK47,Sniper Tundra,1,0.21100000000000002,0.25,79,9890,1,1,1,26,3.8461538461538463
soniacuro,2024-04-21,Squad,2,923,606.0,0,2802,2,Clown,AK47,Sniper Tundra,0,0.17800000000000002,0.0,0,5641,1,0,14,26,53.84615384615385
soniacuro,2024-04-21,Squad,0,48,222.0,0,996,2,Clown,AK47,Sniper Tundra,0,0.111,0.0,0,2980,1,0,20,26,76.92307692307693
soniacuro,2024-04-21,Squad,0,67,402.0,0,2436,1,Clown,AK47,Sniper Tundra,0,0.063,0.0,0,2999,0,0,18,26,69.23076923076923
soniacuro,2024-04-21,Squad,2,890,1078.0,1,4726,7,Clown,AK47,Sniper Tundra,0,0.155,0.0,80,10254,0,1,1,25,4.0
soniacuro,2024-04-22,Squad,3,1190,964.0,2,4255,5,Clown,AK47,Sniper Tundra,1,0.109,0.33299999999999996,45,5422,0,0,5,26,19.230769230769234
soniacuro,2024-04-22,Squad,1,391,763.0,1,4069,5,Clown,AK47,Sniper Tundra,0,0.09300000000000001,0.0,11,4987,0,0,9,25,36.0
soniacuro,2024-04-22,Squad,0,0,551.0,0,3051,0,Clown,AK47,Sniper Tundra,0,0.0,0.0,0,4987,1,0,16,25,64.0
soniacuro,2024-04-22,Squad,5,927,821.0,0,2883,4,Clown,AK47,Sniper Tundra,1,0.153,0.2,25,6412,0,0,8,25,32.0
soniacuro,2024-04-23,Squad,3,419,1166.0,0,4346,6,Clown,AK47,Sniper Tundra,0,0.083,0.0,100,10256,1,1,1,26,3.8461538461538463
soniacuro,2024-04-24,Squad,1,419,1125.0,0,4765,6,Clown,AK47,Sniper Tundra,0,0.17,0.0,53,6897,0,0,2,26,7.6923076923076925
soniacuro,2024-04-24,Squad,2,953,1162.0,0,3649,8,Clown,AK47,Sniper Tundra,1,0.087,0.0,67,6254,0,0,3,25,12.0
soniacuro,2024-04-24,Squad,2,551,1036.0,0,4555,7,Clown,AK47,Sniper Tundra,1,0.11900000000000001,0.0,100,10958,1,1,1,26,3.8461538461538463
soniacuro,2024-04-26,Squad,1,470,719.0,0,3042,5,Clown,AK47,Sniper Tundra,0,0.22399999999999998,0.0,4,5931,0,0,11,26,42.30769230769231
soniacuro,2024-04-26,Squad,0,204,124.0,0,1294,0,Clown,AK47,Sniper Tundra,0,0.0,0.0,-30,2004,1,0,25,25,100.0
soniacuro,2024-04-26,Squad,1,622,559.0,0,2479,1,Clown,AK47,Sniper Tundra,0,0.051,0.0,-5,4712,1,0,15,25,60.0
soniacuro,2024-04-26,Squad,0,889,1041.0,2,3744,5,Clown,AK47,Sniper Tundra,0,0.068,0.0,79,6471,0,0,2,26,7.6923076923076925
soniacuro,2024-04-26,Squad,1,140,431.0,0,2970,3,Clown,AK47,Sniper Tundra,0,0.308,0.0,-15,4512,0,0,17,26,65.38461538461539
soniacuro,2024-04-26,Squad,1,615,644.0,0,2679,6,Clown,AK47,Sniper Tundra,0,0.305,0.0,-7,4625,0,0,15,25,60.0
soniacuro,2024-04-26,Squad,0,0,172.0,0,1584,0,Clown,AK47,Sniper Tundra,0,0.0,0.0,-30,2031,1,0,25,25,100.0
soniacuro,2024-04-26,Squad,3,599,1173.0,0,4619,6,Clown,AK47,Sniper Tundra,1,0.07400000000000001,0.0,73,7001,1,0,2,26,7.6923076923076925
soniacuro,2024-04-26,Squad,2,331,1091.0,0,4187,3,Clown,AK47,Sniper Tundra,1,0.048,0.0,100,8957,0,1,1,26,3.8461538461538463
soniacuro,2024-04-26,Squad,1,402,962.0,0,4600,2,Clown,AK47,Sniper Tundra,1,0.134,1.0,56,6958,0,0,2,25,8.0
soniacuro,2024-04-28,Squad,2,393,964.0,0,3210,2,Clown,AK47,Sniper Tundra,1,0.102,0.0,63,6289,1,0,3,25,12.0
soniacuro,2024-04-28,Squad,4,1233,1172.0,1,4917,8,Clown,AK47,Sniper Tundra,1,0.165,0.25,96,10845,1,1,1,25,4.0
soniacuro,2024-04-28,Squad,0,212,600.0,0,3352,3,Clown,AK47,Sniper Tundra,0,0.085,0.0,-7,5836,1,0,14,26,53.84615384615385
soniacuro,2024-04-28,Squad,0,0,245.0,0,913,0,Clown,AK47,Sniper Tundra,0,0.0,0.0,-30,2514,0,0,23,26,88.46153846153845
soniacuro,2024-04-28,Squad,2,521,662.0,0,3061,5,Clown,AK47,Sniper Tundra,0,0.13,0.5,-2,4012,0,0,12,25,48.0
soniacuro,2024-04-28,Squad,1,373,1011.0,0,4235,4,Clown,AK47,Sniper Tundra,0,0.18,0.0,70,8745,0,1,1,26,3.8461538461538463
soniacuro,2024-04-28,Squad,1,325,442.0,0,2925,2,Clown,AK47,Sniper Tundra,0,0.158,1.0,-9,5648,1,0,15,25,60.0
soniacuro,2024-04-28,Squad,2,644,529.0,0,2518,1,Clown,AK47,Sniper Tundra,0,0.21600000000000003,0.0,-7,5714,0,0,14,25,56.00000000000001
soniacuro,2024-04-28,Squad,1,781,1081.0,0,5761,7,Clown,AK47,Sniper Tundra,1,0.151,0.0,73,7033,1,0,2,25,8.0
soniacuro,2024-04-28,Squad,3,886,1111.0,1,4557,5,Clown,AK47,Sniper Tundra,1,0.08900000000000001,0.667,62,7041,0,1,1,25,4.0
soniacuro,2024-04-28,Squad,10,1986,1136.0,2,4348,7,Clown,AK47,Sniper Tundra,1,0.27699999999999997,0.1,95,6023,1,1,1,27,3.7037037037037033
cesarabreu,2024-04-23,Squad,1,350,831.0,0,3940,1,Scout,AK117,Sniper DLQ,1,1.0,0.0,43,4765,0,0,5,25,20.0
cesarabreu,2024-04-23,Squad,2,686,263.0,2,2052,2,Scout,AK117,Sniper DLQ,0,0.36,0.0,0,2141,1,0,20,26,76.92307692307693
cesarabreu,2024-04-23,Squad,1,471,1099.0,2,4308,3,Scout,AK117,Sniper DLQ,0,0.429,1.0,73,6066,0,0,2,25,8.0
cesarabreu,2024-04-23,Squad,2,631,1144.0,0,4043,3,Scout,AK117,Sniper DLQ,0,0.542,0.0,51,6023,0,0,3,27,11.11111111111111
cesarabreu,2024-04-23,Squad,1,173,757.0,1,4004,1,Scout,AK117,Sniper DLQ,0,0.18899999999999997,1.0,5,4232,0,0,10,25,40.0
cesarabreu,2024-04-24,Squad,8,2784,1182.0,0,5750,9,Scout,AK117,Sniper DLQ,1,0.312,0.25,96,6894,1,1,1,26,3.8461538461538463
cesarabreu,2024-04-24,Squad,5,1519,1100.0,0,4503,7,Scout,AK117,Sniper DLQ,1,0.514,0.0,49,6094,0,0,5,26,19.230769230769234
cesarabreu,2024-04-24,Squad,0,535,650.0,0,3208,3,Scout,AK117,Sniper DLQ,0,0.08199999999999999,0.0,-7,3737,0,0,12,25,48.0
cesarabreu,2024-04-24,Squad,2,536,705.0,0,2869,4,Scout,AK117,Sniper DLQ,0,0.098,0.0,19,4278,0,0,9,25,36.0
cesarabreu,2024-04-24,Squad,1,557,177.0,0,1118,1,Scout,AK117,Sniper DLQ,0,0.389,0.0,0,1572,1,0,26,26,100.0
cesarabreu,2024-04-24,Squad,0,404,186.0,0,1946,2,Scout,AK117,Sniper DLQ,0,0.34,0.0,0,1522,1,0,23,25,92.0
cesarabreu,2024-04-24,Squad,1,185,1054.0,0,4235,7,Scout,AK117,Sniper DLQ,0,0.048,0.0,48,5974,0,1,1,25,4.0
cesarabreu,2024-04-24,Squad,0,370,280.0,0,1664,0,Scout,AK117,Sniper DLQ,0,0.163,0.0,0,2035,1,0,20,25,80.0
cesarabreu,2024-04-24,Squad,1,497,1093.0,1,4932,10,Scout,AK117,Sniper DLQ,0,0.098,0.0,69,6039,0,0,2,26,7.6923076923076925
cesarabreu,2024-04-24,Squad,5,1461,1048.0,0,3480,5,Scout,AK117,Sniper DLQ,1,0.225,0.2,74,6041,0,1,1,25,4.0
cesarabreu,2024-04-25,Squad,1,204,892.0,1,3423,4,Scout,AK117,Sniper DLQ,0,0.069,0.0,41,5045,0,0,5,25,20.0
cesarabreu,2024-04-25,Squad,2,1054,1037.0,0,7870,8,Scout,AK117,Sniper DLQ,1,0.307,0.0,53,5552,1,0,4,28,14.285714285714285
cesarabreu,2024-04-27,Squad,1,167,534.0,0,2729,1,Scout,AK117,Sniper DLQ,0,0.17,0.0,-23,6018,0,0,18,27,66.66666666666666
cesarabreu,2024-04-27,Squad,0,0,184.0,0,950,0,Scout,AK117,Sniper DLQ,0,0.0,0.0,-30,2763,1,0,27,27,100.0
cesarabreu,2024-04-27,Squad,6,1712,1151.0,1,5253,11,Scout,AK117,Sniper DLQ,1,0.308,0.16699999999999998,56,12356,1,0,2,27,7.4074074074074066
cesarabreu,2024-04-27,Squad,7,1365,1029.0,0,4740,5,Scout,AK117,Sniper DLQ,1,0.33299999999999996,0.429,74,11709,0,1,1,26,3.8461538461538463
cesarabreu,2024-04-27,Squad,10,3146,1220.0,1,6228,10,Scout,AK117,Sniper DLQ,1,0.23399999999999999,0.2,103,13818,1,1,1,28,3.571428571428571
cesarabreu,2024-04-27,Squad,3,874,732.0,0,2901,4,Scout,AK117,Sniper DLQ,0,0.33299999999999996,0.0,-1,8017,0,0,13,27,48.148148148148145
cesarabreu,2024-04-27,Squad,3,1600,818.0,1,4780,7,Scout,AK117,Sniper DLQ,1,0.447,0.0,37,8929,0,0,6,25,24.0
cesarabreu,2024-04-27,Squad,2,674,827.0,0,3552,4,Scout,AK117,Sniper DLQ,1,0.43799999999999994,0.0,45,8836,0,0,5,26,19.230769230769234
cesarabreu,2024-04-27,Squad,9,3228,1164.0,1,4906,9,Scout,AK117,Sniper DLQ,1,0.212,0.111,103,13492,1,1,1,25,4.0
cesarabreu,2024-04-27,Squad,2,182,1030.0,0,3767,3,Scout,AK117,Sniper DLQ,0,0.204,0.0,92,10793,0,0,5,25,20.0
cesarabreu,2024-04-28,Squad,7,2222,1112.0,1,4720,11,Scout,AK117,Sniper DLQ,1,0.434,0.0,84,12406,1,1,1,27,3.7037037037037033
cesarabreu,2024-04-28,Squad,2,788,1058.0,2,4757,4,Scout,AK117,Sniper DLQ,1,0.265,0.0,34,10777,0,0,5,26,19.230769230769234
cesarabreu,2024-04-28,Squad,9,2689,1161.0,1,5406,10,Scout,AK117,Sniper DLQ,1,0.24100000000000002,0.111,56,13123,1,0,3,25,12.0
cesarabreu,2024-04-28,Squad,6,1765,954.0,1,5511,10,Scout,AK117,Sniper DLQ,1,0.37200000000000005,0.0,22,10826,0,0,7,26,26.923076923076923
cesarabreu,2024-04-28,Squad,2,946,472.0,2,2047,3,Scout,AK117,Sniper DLQ,1,0.408,0.0,-18,5799,0,0,15,26,57.692307692307686
cesarabreu,2024-04-28,Squad,3,2167,1150.0,1,4329,9,Scout,AK117,Sniper DLQ,1,0.262,0.33299999999999996,53,11997,1,0,3,25,12.0
cesarabreu,2024-04-28,Squad,2,1021,431.0,0,2694,3,Scout,AK117,Sniper DLQ,0,0.597,0.0,-33,5447,1,0,18,25,72.0
cesarabreu,2024-04-28,Squad,6,2170,814.0,1,3662,9,Scout,AK117,Sniper DLQ,0,0.263,0.33299999999999996,-6,9429,0,0,11,25,44.0
cesarabreu,2024-04-28,Squad,10,2641,1087.0,0,5895,10,Scout,AK117,Sniper DLQ,1,0.31,0.20199999999999999,86,13002,1,1,1,26,3.8461538461538463
cesarabreu,2024-04-28,Squad,5,1575,1021.0,2,4903,11,Scout,AK117,Sniper DLQ,1,0.446,0.0,37,10970,0,0,5,26,19.230769230769234
cesarabreu,2024-04-29,Squad,1,874,1122.0,0,5895,6,Scout,AK117,Sniper DLQ,1,0.284,0.0,57,11540,0,0,2,28,7.142857142857142
cesarabreu,2024-04-29,Squad,4,829,975.0,0,5033,2,Scout,AK117,Sniper DLQ,1,0.385,0.0,57,5773,0,0,2,27,7.4074074074074066
cesarabreu,2024-04-29,Squad,1,683,671.0,1,4044,3,Scout,AK117,Sniper DLQ,0,0.263,1.0,0,3925,0,0,15,25,60.0
cesarabreu,2024-04-29,Squad,1,300,270.0,0,2137,2,Scout,AK117,Sniper DLQ,0,1.0,0.0,-44,2081,1,0,20,26,76.92307692307693
cesarabreu,2024-04-29,Squad,5,1988,927.0,0,4122,9,Scout,AK117,Sniper DLQ,1,0.1,0.4,25,5574,0,0,5,25,20.0
cesarabreu,2024-04-29,Squad,0,0,1188.0,0,1375,0,Scout,AK117,Sniper DLQ,0,0.0,0.0,2,6384,1,0,2,26,7.6923076923076925
cesarabreu,2024-04-29,Squad,5,1418,638.0,1,3496,5,Scout,AK117,Sniper DLQ,1,0.29,0.0,-18,4142,0,0,14,26,53.84615384615385
cesarabreu,2024-04-29,Squad,0,0,163.0,0,1742,1,Scout,AK117,Sniper DLQ,0,0.0,0.0,-44,1416,1,0,25,25,100.0
cesarabreu,2024-04-29,Squad,0,39,524.0,1,2507,3,Scout,AK117,Sniper DLQ,0,0.444,0.0,-26,3020,0,0,15,27,55.55555555555556
cesarabreu,2024-04-29,Squad,6,1835,1151.0,0,4483,9,Scout,AK117,Sniper DLQ,1,0.51,0.0,44,6472,0,0,2,25,8.0
cesarabreu,2024-04-29,Squad,0,0,177.0,0,1264,1,Scout,AK117,Sniper DLQ,0,0.0,0.0,-45,1416,1,0,25,25,100.0
dayiszc,2024-04-29,Squad,6,1312,1160.0,1,7040,0,Rewind,AK47,Bazzoca FHJ,1,0.42200000000000004,0.0,59,6923,0,1,1,26,3.8461538461538463
dayiszc,2024-04-29,Squad,1,627,368.0,0,1736,0,Rewind,AK47,Bazzoca FHJ,0,0.556,1.0,0,2532,0,0,16,25,64.0
dayiszc,2024-04-29,Squad,2,707,1166.0,0,5041,1,Rewind,AK47,Bazzoca FHJ,1,0.355,0.0,36,6467,0,0,2,26,7.6923076923076925
dayiszc,2024-04-29,Squad,4,1348,984.0,0,6037,1,Rewind,AK47,Bazzoca FHJ,1,0.373,0.0,59,5928,0,1,1,25,4.0
dayiszc,2024-04-29,Duo,3,1148,1179.0,5,5192,5,Rewind,AK47,Bazzoca FHJ,1,0.19,0.33299999999999996,50,6618,0,0,2,50,4.0
dayiszc,2024-04-29,Duo,3,753,475.0,0,2700,0,Rewind,AK47,Bazzoca FHJ,0,0.425,0.0,0,3128,0,0,26,50,52.0
dayiszc,2024-04-29,Duo,9,2198,1095.0,1,3221,0,Rewind,AK47,Bazzoca FHJ,1,0.465,0.0,60,6900,0,1,1,50,2.0
dayiszc,2024-04-29,Squad,2,640,787.0,1,3310,1,Rewind,AK47,Bazzoca FHJ,1,0.449,0.0,-11,4550,0,0,11,26,42.30769230769231
dayiszc,2024-04-29,Squad,2,1180,1074.0,0,5306,0,Rewind,AK47,Bazzoca FHJ,1,0.237,0.0,62,6043,0,0,2,27,7.4074074074074066
dayiszc,2024-04-29,Squad,3,1789,1141.0,0,4089,2,Rewind,AK47,Bazzoca FHJ,1,0.45899999999999996,0.0,34,6375,0,0,4,26,15.384615384615385
dayiszc,2024-04-30,Squad,1,422,1040.0,2,4866,1,Rewind,AK47,Bazzoca FHJ,0,0.11900000000000001,0.0,32,5727,1,0,5,26,19.230769230769234
katherineguti,2024-04-29,Squad,5,1535,1160.0,3,5290,9,Ravager Launcher,AK47,Sniper M21,1,0.429,0.2,60,6831,0,1,1,26,3.8461538461538463
katherineguti,2024-04-29,Squad,1,441,368.0,0,2181,1,Ravager Launcher,AK47,Sniper M21,0,0.324,0.0,0,2513,0,0,16,25,64.0
katherineguti,2024-04-29,Squad,10,3148,1166.0,3,4721,6,Ravager Launcher,AK47,Sniper M21,1,0.259,0.3,46,7203,0,0,2,26,7.6923076923076925
katherineguti,2024-04-29,Squad,6,1370,984.0,1,4849,1,Ravager Launcher,AK47,Sniper M21,1,0.321,0.0,59,6112,0,1,1,25,4.0
katherineguti,2024-04-29,Duo,4,1168,1179.0,0,6076,7,Ravager Launcher,AK47,Sniper M21,1,0.242,25.05,49,6710,0,0,2,50,4.0
katherineguti,2024-04-29,Duo,3,602,475.0,0,2602,0,Ravager Launcher,AK47,Sniper M21,0,0.28600000000000003,0.0,-24,3128,0,0,26,50,52.0
katherineguti,2024-04-29,Duo,4,1946,1095.0,0,3829,3,Ravager Launcher,AK47,Sniper M21,1,0.278,0.25,59,6440,0,1,1,50,2.0
katherineguti,2024-04-29,Squad,2,781,787.0,0,3541,2,Ravager Launcher,AK47,Sniper M21,1,0.327,0.0,-14,4550,0,0,11,26,42.30769230769231
katherineguti,2024-04-29,Squad,4,1161,1074.0,3,4420,4,Ravager Launcher,AK47,Sniper M21,1,0.252,0.0,53,6227,0,0,2,27,7.4074074074074066
katherineguti,2024-04-29,Squad,3,900,1141.0,1,5579,5,Ravager Launcher,AK47,Sniper M21,1,0.25,0.0,41,6375,0,0,4,26,15.384615384615385
katherineguti,2024-04-30,Squad,6,2219,1040.0,1,4765,4,Ravager Launcher,AK47,Sniper M21,1,0.285,0.0,13,6187,1,0,5,26,19.230769230769234
katherineguti,2024-04-30,Squad,6,2219,1004.0,4,4771,4,Ravager Launcher,AK47,Sniper M21,1,0.284,0.33299999999999996,64,6089,0,0,2,25,8.0
katherineguti,2024-04-30,Squad,7,1787,822.0,0,3341,4,Ravager Launcher,AK47,Sniper M21,0,0.44,0.5710000000000001,1,5275,0,0,9,25,36.0
soniacuro,2024-04-29,Squad,4,1055,1160.0,0,4928,6,Clown,AK47,Sniper M21,1,0.133,0.0,71,6153,0,1,1,26,3.8461538461538463
soniacuro,2024-04-29,Squad,0,0,368.0,0,1301,0,Clown,AK47,Sniper M21,0,0.0,0.0,0,2215,0,0,16,25,64.0
soniacuro,2024-04-29,Squad,1,707,1166.0,0,5041,4,Clown,AK47,Sniper M21,1,0.14,0.0,58,5821,0,0,2,26,7.6923076923076925
soniacuro,2024-04-29,Squad,2,1015,984.0,1,5139,2,Clown,AK47,Sniper M21,1,0.064,0.0,57,5245,0,1,1,25,4.0
soniacuro,2024-04-29,Squad,1,234,787.0,0,3464,3,Clown,AK47,Sniper M21,1,0.075,0.0,-11,4071,0,0,11,26,42.30769230769231
soniacuro,2024-04-29,Squad,3,889,1074.0,1,4458,5,Clown,AK47,Sniper M21,1,0.21899999999999997,0.0,50,5602,0,0,2,27,7.4074074074074066
soniacuro,2024-04-30,Squad,1,616,1141.0,4,5410,4,Clown,AK47,Sniper M21,1,0.196,0.0,34,5653,0,0,4,26,15.384615384615385
soniacuro,2024-04-30,Squad,2,625,1040.0,2,4491,6,Clown,AK47,Sniper M21,1,0.365,0.0,12,5313,1,0,5,26,19.230769230769234
soniacuro,2024-04-30,Squad,1,197,1004.0,2,5163,4,Clown,AK47,Sniper M21,1,0.20600000000000002,0.0,58,5140,0,0,2,25,8.0
soniacuro,2024-04-30,Squad,2,454,822.0,0,3629,0,Clown,AK47,Sniper M21,0,0.18600000000000003,0.0,-2,4397,0,0,9,25,36.0
katherineguti,2024-04-30,Duo,12,2409,1024.0,0,3429,5,Ravager Launcher,AK47,Sniper M21,1,0.379,0.33299999999999996,58,6848,0,1,1,50,2.0
dayiszc,2024-04-30,Duo,3,1330,1024.0,1,3534,1,Rewind,AK47,Bazzoca FHJ,1,0.302,0.33299999999999996,57,6020,0,1,1,50,2.0
gazadz,2024-04-20,Squad,4,1407,889.0,2,4250,4,Trap master,AK117,Sniper XPR 50,1,0.231,0.505,19,6000,0,0,6,26,23.076923076923077
gazadz,2024-04-20,Squad,2,1189,655.0,0,3227,1,Trap master,AK117,Sniper XPR 50,0,0.968,0.0,-30,4458,0,0,13,25,52.0
gazadz,2024-04-20,Squad,0,335,569.0,0,4141,4,Trap master,AK117,Sniper XPR 50,0,0.153,0.0,-29,3803,0,0,12,25,48.0
gazadz,2024-04-20,Squad,0,0,414.0,0,3242,1,Trap master,AK117,Sniper XPR 50,0,0.0,0.0,-19,2997,1,0,18,26,69.23076923076923
gazadz,2024-04-20,Squad,5,1605,440.0,0,3387,4,Trap master,AK117,Sniper XPR 50,0,0.503,0.0,-15,3422,0,0,18,27,66.66666666666666
gazadz,2024-04-20,Squad,3,971,505.0,0,3192,4,Trap master,AK117,Sniper XPR 50,0,0.48200000000000004,0.0,-10,3637,0,0,14,25,56.00000000000001
gazadz,2024-04-22,Squad,0,517,972.0,0,5828,7,Trap master,AK117,Sniper XPR 50,0,0.165,0.0,30,5785,0,0,5,27,18.51851851851852
gazadz,2024-04-22,Squad,6,1709,820.0,2,3957,9,Trap master,AK117,Sniper XPR 50,1,0.384,0.33299999999999996,-3,4792,0,0,11,27,40.74074074074074
gazadz,2024-04-22,Squad,7,2543,1137.0,1,6803,6,Trap master,AK117,Sniper XPR 50,1,0.27899999999999997,0.0,84,7510,0,1,1,25,4.0
gazadz,2024-04-22,Squad,2,771,140.0,0,1336,0,Trap master,AK117,Sniper XPR 50,0,0.512,0.0,-50,1625,1,0,26,27,96.29629629629629
gazadz,2024-04-22,Squad,2,903,199.0,1,1276,1,Trap master,AK117,Sniper XPR 50,0,0.354,0.0,-49,1996,1,0,24,25,96.0
gazadz,2024-04-22,Squad,0,320,586.0,0,3645,0,Trap master,AK117,Sniper XPR 50,0,0.27,0.0,0,2994,0,0,4,26,15.384615384615385
gazadz,2024-04-23,Squad,2,989,754.0,1,4057,3,Trap master,AK117,Sniper XPR 50,0,0.389,0.0,2,4895,0,0,9,25,36.0
gazadz,2024-04-23,Squad,5,1665,796.0,0,4584,0,Trap master,AK117,Sniper XPR 50,1,0.311,0.2,19,5621,0,0,6,26,23.076923076923077
gazadz,2024-04-23,Squad,2,764,570.0,0,3213,2,Trap master,AK117,Sniper XPR 50,0,0.475,0.0,-10,4016,0,0,12,26,46.15384615384615
gazadz,2024-04-24,Squad,5,2025,826.0,2,3857,17,Trap master,AK117,Sniper XPR 50,1,0.25,0.0,23,5777,0,0,7,25,28.000000000000004
gazadz,2024-04-24,Squad,1,250,191.0,0,1820,2,Trap master,AK117,Sniper XPR 50,0,0.26899999999999996,0.0,-51,1780,1,0,22,25,88.0
gazadz,2024-04-24,Squad,1,687,535.0,0,2509,2,Trap master,AK117,Sniper XPR 50,1,0.41600000000000004,0.0,0,3730,0,0,3,25,12.0
gazadz,2024-04-24,Squad,5,1372,770.0,0,4423,4,Trap master,AK117,Sniper XPR 50,1,0.253,0.0,13,5275,0,0,8,26,30.76923076923077
gazadz,2024-04-26,Squad,4,1616,1000.0,1,5140,4,Trap master,AK117,Sniper XPR 50,1,0.255,0.5,28,6325,1,0,6,25,24.0
gazadz,2024-04-26,Squad,0,103,183.0,0,1819,0,Trap master,AK117,Sniper XPR 50,0,0.125,0.0,0,1312,0,0,13,25,52.0
gazadz,2024-04-26,Squad,6,1650,919.0,1,5776,18,Trap master,AK117,Sniper XPR 50,1,0.19399999999999998,0.0,35,6120,1,0,5,25,20.0
gazadz,2024-04-26,Squad,7,1869,1073.0,1,5490,9,Trap master,AK117,Sniper XPR 50,1,0.29100000000000004,0.28600000000000003,23,6990,1,0,5,26,19.230769230769234
gazadz,2024-04-26,Squad,5,1282,1163.0,1,6257,8,Trap master,AK117,Sniper XPR 50,1,0.40399999999999997,0.2,44,7315,1,0,2,26,7.6923076923076925
gazadz,2024-04-26,Squad,0,0,111.0,0,1854,0,Trap master,AK117,Sniper XPR 50,0,0.0,0.0,-53,1331,1,0,26,26,100.0
gazadz,2024-04-27,Squad,0,162,560.0,0,3091,0,Trap master,AK117,Sniper XPR 50,0,0.073,0.0,-30,3756,0,0,13,26,50.0
gazadz,2024-04-27,Squad,1,349,180.0,0,1791,1,Trap master,AK117,Sniper XPR 50,0,0.583,0.0,-22,1794,1,0,22,26,84.61538461538461
gazadz,2024-04-27,Squad,3,870,387.0,1,3023,3,Trap master,AK117,Sniper XPR 50,0,0.299,0.33299999999999996,-14,3168,1,0,17,27,62.96296296296296
gazadz,2024-04-27,Squad,5,1672,482.0,2,2524,6,Trap master,AK117,Sniper XPR 50,0,0.39299999999999996,0.2,-9,3870,0,0,15,26,57.692307692307686
gazadz,2024-04-27,Squad,9,2914,1170.0,3,5469,8,Trap master,AK117,Sniper XPR 50,1,0.396,0.0,84,8190,1,1,1,25,4.0
gazadz,2024-04-28,Squad,3,974,692.0,1,3141,3,Trap master,AK117,Sniper XPR 50,0,0.32899999999999996,0.0,-26,4572,0,0,13,25,52.0
gazadz,2024-04-28,Squad,1,651,312.0,0,3022,0,Trap master,AK117,Sniper XPR 50,0,0.46799999999999997,0.0,-51,2472,1,0,20,26,76.92307692307693
gazadz,2024-04-28,Squad,0,0,178.0,0,2084,0,Trap master,AK117,Sniper XPR 50,0,0.0,0.0,-22,1615,1,0,25,25,100.0
gazadz,2024-04-28,Squad,3,958,448.0,0,2862,1,Trap master,AK117,Sniper XPR 50,0,0.9229999999999999,0.0,-19,3486,0,0,19,26,73.07692307692307
gazadz,2024-04-29,Squad,1,442,1143.0,1,2215,2,Trap master,AK117,Sniper XPR 50,0,0.489,0.0,4,7087,1,0,2,27,7.4074074074074066
gazadz,2024-04-29,Squad,5,1269,1171.0,0,4287,12,Trap master,AK117,Sniper XPR 50,1,0.237,0.4,40,7779,1,1,1,26,3.8461538461538463
gazadz,2024-04-29,Squad,2,658,515.0,2,3237,4,Trap master,AK117,Sniper XPR 50,0,0.305,0.0,-10,3730,0,0,16,25,64.0
gazadz,2024-04-30,Squad,6,1852,61.0,6,5497,5,Trap master,AK117,Sniper XPR 50,1,0.228,0.0,30,6344,0,0,5,25,20.0
gazadz,2024-04-30,Squad,7,2226,771.0,1,4415,11,Trap master,AK117,Sniper XPR 50,1,0.35700000000000004,0.0,6,5699,1,0,9,25,36.0
gazadz,2024-04-30,Squad,2,643,499.0,2,2817,0,Trap master,AK117,Sniper XPR 50,0,0.519,0.0,-9,3507,0,0,14,26,53.84615384615385
gazadz,2024-04-30,Squad,6,2424,959.0,0,4788,10,Trap master,AK117,Sniper XPR 50,1,0.253,0.33299999999999996,83,6520,0,1,1,26,3.8461538461538463
gazadz,2024-05-01,Squad,0,105,145.0,0,1671,1,Trap master,AK117,Sniper XPR 50,0,0.313,0.0,-52,1508,1,0,25,25,100.0
gazadz,2024-05-01,Squad,9,2541,1133.0,0,6503,8,Trap master,AK117,Sniper XPR 50,1,0.268,0.111,59,7690,0,1,1,28,3.571428571428571
gazadz,2024-05-01,Squad,5,1363,970.0,2,4636,7,Trap master,AK117,Sniper XPR 50,1,0.40399999999999997,0.0,37,6275,0,0,3,25,12.0
gazadz,2024-05-01,Squad,2,589,1063.0,0,4298,6,Trap master,AK117,Sniper XPR 50,0,0.446,0.0,27,6697,0,0,4,26,15.384615384615385
gazadz,2024-05-01,Squad,6,2324,1160.0,0,5731,7,Trap master,AK117,Sniper XPR 50,1,0.32,0.0,49,7696,0,0,2,26,7.6923076923076925
hksya,2024-04-11,Squad,2,539,842.0,0,4945,2,Ghost,AK47,Bazzoca FHJ,0,0.23199999999999998,0.5,0,4481,0,0,8,27,29.629629629629626
hksya,2024-04-12,Squad,3,899,871.0,1,2953,1,Ghost,AK47,Bazzoca FHJ,1,0.45799999999999996,0.0,4,4464,0,0,6,26,23.076923076923077
hksya,2024-04-13,Squad,5,1258,643.0,0,3207,1,Ghost,AK47,Bazzoca FHJ,1,0.244,0.0,-18,3622,0,0,11,27,40.74074074074074
hksya,2024-04-14,Squad,3,565,1073.0,0,3948,0,Ghost,AK47,Bazzoca FHJ,0,0.095,0.33299999999999996,19,5272,0,0,3,26,11.538461538461538
hksya,2024-04-15,Squad,2,534,1076.0,1,5457,3,Ghost,AK47,Bazzoca FHJ,0,0.133,0.0,46,5364,0,1,1,26,3.8461538461538463
hksya,2024-04-16,Squad,3,1231,1065.0,0,4738,0,Ghost,AK47,Bazzoca FHJ,1,0.201,0.33299999999999996,28,5300,0,0,2,25,8.0
hksya,2024-04-16,Squad,1,449,738.0,0,4131,0,Ghost,AK47,Bazzoca FHJ,0,0.221,0.0,-17,3772,0,0,10,25,40.0
hksya,2024-04-16,Squad,0,0,542.0,0,2788,0,Ghost,AK47,Bazzoca FHJ,0,0.0,0.0,-35,2818,0,0,15,25,60.0
hksya,2024-04-17,Squad,2,474,430.0,0,2246,0,Ghost,AK47,Bazzoca FHJ,0,0.284,0.0,0,2530,0,0,14,27,51.85185185185185
hksya,2024-04-17,Squad,3,691,1080.0,0,4593,5,Ghost,AK47,Bazzoca FHJ,0,0.157,0.33299999999999996,30,5360,0,0,2,27,7.4074074074074066
hksya,2024-04-17,Squad,3,862,1092.0,2,3748,0,Ghost,AK47,Bazzoca FHJ,1,0.374,0.0,26,5408,0,0,2,25,8.0
hksya,2024-04-17,Squad,1,360,636.0,0,3682,2,Ghost,AK47,Bazzoca FHJ,0,0.209,0.0,-22,3274,0,0,11,26,42.30769230769231
hksya,2024-04-20,Squad,1,349,272.0,0,1154,0,Ghost,AK47,Bazzoca FHJ,0,0.36,1.0,0,1908,1,0,20,25,80.0
hksya,2024-04-20,Squad,1,866,1173.0,0,4982,0,Ghost,AK47,Bazzoca FHJ,0,0.084,0.0,88,5955,1,1,1,26,3.8461538461538463
hksya,2024-04-20,Squad,0,0,138.0,0,1294,0,Ghost,AK47,Bazzoca FHJ,0,0.0,0.0,0,1188,1,0,25,26,96.15384615384616
hksya,2024-04-20,Squad,2,490,1024.0,0,5424,0,Ghost,AK47,Bazzoca FHJ,0,0.127,0.5,92,5308,0,0,2,25,8.0
hksya,2024-04-20,Squad,0,0,549.0,0,2658,0,Ghost,AK47,Bazzoca FHJ,0,0.0,0.0,0,2988,0,0,16,25,64.0
hksya,2024-04-21,Squad,1,415,711.0,0,4129,0,Ghost,AK47,Bazzoca FHJ,0,0.113,0.0,15,3847,0,0,10,25,40.0
hksya,2024-04-21,Squad,3,1125,1048.0,0,5658,0,Ghost,AK47,Bazzoca FHJ,1,0.235,0.33299999999999996,85,5172,0,0,3,25,12.0
hksya,2024-04-21,Squad,2,566,563.0,0,3083,3,Ghost,AK47,Bazzoca FHJ,0,0.6629999999999999,0.0,11,3215,0,0,13,25,52.0
hksya,2024-04-21,Squad,3,785,716.0,0,3973,1,Ghost,AK47,Bazzoca FHJ,0,0.182,0.33299999999999996,37,3844,1,0,8,27,29.629629629629626
hksya,2024-04-21,Squad,2,625,1069.0,1,3104,0,Ghost,AK47,Bazzoca FHJ,0,0.37200000000000005,0.0,56,5236,1,0,2,26,7.6923076923076925
hksya,2024-04-21,Squad,2,652,1067.0,1,6340,0,Ghost,AK47,Bazzoca FHJ,0,0.121,0.0,65,5426,0,0,3,25,12.0
hksya,2024-04-21,Squad,1,300,1082.0,0,3835,0,Ghost,AK47,Bazzoca FHJ,0,0.22699999999999998,0.0,67,5468,0,0,2,26,7.6923076923076925
hksya,2024-04-24,Squad,3,954,1021.0,1,4594,1,Ghost,AK47,Bazzoca FHJ,1,0.298,0.0,50,5064,0,0,4,25,16.0
hksya,2024-04-24,Squad,2,660,957.0,0,3042,0,Ghost,AK47,Bazzoca FHJ,0,0.125,0.0,39,4728,1,0,5,25,20.0
hksya,2024-04-25,Squad,0,367,462.0,0,2659,3,Ghost,AK47,Bazzoca FHJ,0,0.133,0.0,-19,2498,1,0,18,26,69.23076923076923
hksya,2024-04-26,Squad,2,596,748.0,0,3897,0,Ghost,AK47,Bazzoca FHJ,1,0.209,0.0,-1,7612,0,0,11,27,40.74074074074074
hksya,2024-04-26,Squad,2,2094,1183.0,0,5540,1,Ghost,AK47,Bazzoca FHJ,1,0.17300000000000001,0.0,80,11993,1,0,2,25,8.0
hksya,2024-04-26,Squad,2,1150,1006.0,0,4787,0,Ghost,AK47,Bazzoca FHJ,1,0.228,0.0,76,10422,1,1,1,27,3.7037037037037033
hksya,2024-04-26,Squad,2,806,797.0,1,4424,0,Ghost,AK47,Bazzoca FHJ,0,0.257,0.0,31,8380,0,0,7,26,26.923076923076923
hksya,2024-04-27,Squad,3,650,627.0,0,3255,0,Ghost,AK47,Bazzoca FHJ,0,0.284,0.33299999999999996,-2,6965,0,0,11,25,44.0
hksya,2024-04-28,Squad,3,853,1033.0,0,6102,1,Ghost,AK47,Bazzoca FHJ,1,0.188,0.0,75,10344,1,0,2,27,7.4074074074074066
hksya,2024-04-28,Squad,3,787,606.0,1,2417,0,Ghost,AK47,Bazzoca FHJ,0,0.161,0.0,0,7203,0,0,7,25,28.000000000000004
hksya,2024-04-28,Squad,4,902,1058.0,0,4694,8,Ghost,AK47,Bazzoca FHJ,0,0.32,0.0,77,10904,1,1,1,25,4.0
hksya,2024-04-28,Squad,4,1211,1147.0,0,3420,0,Ghost,AK47,Bazzoca FHJ,1,0.326,0.0,114,11701,1,0,2,25,8.0
hksya,2024-04-28,Squad,0,197,506.0,0,4141,1,Ghost,AK47,Bazzoca FHJ,0,0.099,0.0,64,10544,1,0,2,26,7.6923076923076925
hksya,2024-04-28,Squad,3,765,1081.0,1,6088,1,Ghost,AK47,Bazzoca FHJ,0,0.138,0.0,79,10728,1,0,2,25,8.0
hksya,2024-04-28,Squad,3,1221,1111.0,0,5619,0,Ghost,AK47,Bazzoca FHJ,1,0.085,0.0,73,11168,1,1,1,25,4.0
hksya,2024-04-28,Squad,3,1208,1136.0,0,5622,0,Ghost,AK47,Bazzoca FHJ,1,0.142,0.0,103,11652,1,1,1,27,3.7037037037037033
hksya,2024-04-28,Squad,5,1019,1096.0,0,5183,0,Ghost,AK47,Bazzoca FHJ,1,0.145,0.0,75,11570,0,1,1,25,4.0
hksya,2024-04-28,Squad,6,1464,1048.0,1,5161,2,Ghost,AK47,Bazzoca FHJ,1,0.278,0.16699999999999998,75,5572,0,1,1,26,3.8461538461538463
hksya,2024-04-28,Squad,5,1452,1092.0,1,5038,0,Ghost,AK47,Bazzoca FHJ,1,0.24,0.0,78,5668,0,1,1,25,4.0
hksya,2024-04-29,Squad,3,784,1146.0,1,5055,2,Ghost,AK47,Bazzoca FHJ,0,0.129,0.0,60,5624,0,0,2,26,7.6923076923076925
hksya,2024-04-29,Squad,3,1160,1044.0,0,3836,1,Ghost,AK47,Bazzoca FHJ,1,0.455,0.0,48,5156,0,0,3,26,11.538461538461538
hksya,2024-04-29,Squad,7,1699,956.0,0,5851,0,Ghost,AK47,Bazzoca FHJ,1,0.191,0.14300000000000002,75,5248,0,1,1,25,4.0
hksya,2024-05-01,Squad,0,0,110.0,0,975,0,Ghost,AK47,Bazzoca FHJ,0,0.0,0.0,0,1020,1,0,25,25,100.0
hksya,2024-05-01,Squad,3,540,559.0,0,3264,0,Ghost,AK47,Bazzoca FHJ,0,0.27399999999999997,0.0,0,3126,0,0,3,25,12.0
santiserver,2024-04-24,Squad,4,1434,952.0,0,4599,3,Smoke Bomber,M4,Sniper Artic .50,1,0.242,0.0,65,5667,0,0,2,25,8.0
santiserver,2024-04-24,Squad,10,3036,1091.0,2,4998,4,Smoke Bomber,M4,Sniper Artic .50,1,0.228,0.0,84,6873,0,1,1,25,4.0
santiserver,2024-04-24,Squad,2,809,564.0,0,2620,1,Smoke Bomber,M4,Sniper Artic .50,0,0.361,0.0,-3,3525,0,0,14,25,56.00000000000001
santiserver,2024-04-24,Squad,4,2089,959.0,2,4367,5,Smoke Bomber,M4,Sniper Artic .50,1,0.201,0.0,38,5630,1,0,8,26,30.76923076923077
santiserver,2024-04-25,Squad,8,2274,1061.0,3,4452,2,Smoke Bomber,M4,Sniper Artic .50,1,0.382,0.25,84,6651,0,1,1,26,3.8461538461538463
santiserver,2024-04-25,Squad,4,1363,652.0,0,2792,1,Smoke Bomber,M4,Sniper Artic .50,0,0.409,0.5,-14,4114,0,0,18,26,69.23076923076923
santiserver,2024-04-25,Squad,6,2170,1235.0,2,5756,2,Smoke Bomber,M4,Sniper Artic .50,1,0.368,0.0,94,7268,1,1,1,26,3.8461538461538463
santiserver,2024-04-26,Squad,0,416,1181.0,1,4032,3,Smoke Bomber,M4,Sniper Artic .50,0,0.281,0.0,76,6467,0,1,1,27,3.7037037037037033
santiserver,2024-04-26,Squad,0,245,310.0,0,946,0,Smoke Bomber,M4,Sniper Artic .50,0,0.321,0.0,-29,2093,1,0,21,25,84.0
santiserver,2024-04-26,Squad,5,1579,983.0,1,4677,2,Smoke Bomber,M4,Sniper Artic .50,1,0.1,0.6,100,6016,1,1,1,25,4.0
santiserver,2024-04-26,Squad,5,1778,860.0,0,3666,1,Smoke Bomber,M4,Sniper Artic .50,1,0.193,0.0,9,5387,0,0,11,27,40.74074074074074
santiserver,2024-04-26,Squad,8,2442,889.0,0,3739,3,Smoke Bomber,M4,Sniper Artic .50,1,0.319,0.0,44,5922,0,0,5,25,20.0
santiserver,2024-04-26,Squad,6,1614,957.0,0,4808,3,Smoke Bomber,M4,Sniper Artic .50,1,0.18899999999999997,0.16699999999999998,57,11237,1,0,2,26,7.6923076923076925
santiserver,2024-04-26,Squad,4,1752,787.0,0,3065,2,Smoke Bomber,M4,Sniper Artic .50,1,0.528,0.0,-1,9058,0,0,13,26,50.0
santiserver,2024-04-26,Squad,0,275,1143.0,0,1695,1,Smoke Bomber,M4,Sniper Artic .50,0,0.355,0.0,0,3831,0,0,2,25,8.0
santiserver,2024-04-26,Squad,7,2086,1106.0,1,3891,2,Smoke Bomber,M4,Sniper Artic .50,1,0.309,0.28600000000000003,60,12306,1,0,4,25,16.0
santiserver,2024-04-26,Squad,7,2358,961.0,2,4890,2,Smoke Bomber,M4,Sniper Artic .50,1,0.222,0.0,78,11403,0,1,1,25,4.0
santiserver,2024-04-26,Squad,3,1353,1065.0,0,4052,2,Smoke Bomber,M4,Sniper Artic .50,1,0.327,0.33299999999999996,43,11395,1,0,2,25,8.0
santiserver,2024-04-26,Squad,1,367,819.0,0,4393,3,Smoke Bomber,M4,Sniper Artic .50,0,0.228,0.0,4,8440,0,0,11,25,44.0
santiserver,2024-04-26,Squad,4,1727,1048.0,1,5721,0,Smoke Bomber,M4,Sniper Artic .50,1,0.33299999999999996,0.25,104,11905,1,1,1,26,3.8461538461538463
santiserver,2024-04-26,Squad,6,1363,953.0,2,4948,0,Smoke Bomber,M4,Sniper Artic .50,1,0.34600000000000003,0.0,44,10893,0,0,4,25,16.0
santiserver,2024-04-26,Squad,3,634,635.0,0,3518,2,Smoke Bomber,M4,Sniper Artic .50,0,0.377,0.0,4,7744,0,0,10,26,38.46153846153847
santiserver,2024-04-26,Squad,2,1193,930.0,1,4049,2,Smoke Bomber,M4,Sniper Artic .50,1,0.222,0.0,33,9933,0,0,7,26,26.923076923076923
santiserver,2024-04-26,Squad,2,741,682.0,0,2584,0,Smoke Bomber,M4,Sniper Artic .50,0,0.138,0.0,-2,7606,0,0,12,25,48.0
santiserver,2024-04-27,Squad,0,0,268.0,0,1046,0,Smoke Bomber,M4,Sniper Artic .50,0,0.0,0.0,0,3551,0,0,3,26,11.538461538461538
santiserver,2024-04-27,Squad,6,2048,1049.0,0,3519,2,Smoke Bomber,M4,Sniper Artic .50,1,0.5710000000000001,0.16699999999999998,37,11644,1,0,4,26,15.384615384615385
santiserver,2024-04-27,Squad,4,1125,639.0,0,3110,1,Smoke Bomber,M4,Sniper Artic .50,1,0.511,0.0,1,7774,0,0,10,27,37.03703703703704
santiserver,2024-04-27,Squad,4,1312,974.0,4,3714,2,Smoke Bomber,M4,Sniper Artic .50,1,0.373,0.25,60,10784,1,0,2,26,7.6923076923076925
santiserver,2024-04-27,Squad,4,619,1072.0,0,4918,2,Smoke Bomber,M4,Sniper Artic .50,0,0.147,0.25,53,11627,1,0,2,25,8.0
santiserver,2024-04-29,Squad,1,219,347.0,1,1942,1,Smoke Bomber,M4,Sniper Artic .50,0,0.172,0.0,-19,4553,0,0,17,26,65.38461538461539
santiserver,2024-04-29,Squad,2,705,463.0,1,2320,3,Smoke Bomber,M4,Sniper Artic .50,0,0.33299999999999996,0.0,-6,3061,0,0,15,25,60.0
santiserver,2024-04-29,Squad,8,1830,1102.0,0,4916,1,Smoke Bomber,M4,Sniper Artic .50,1,0.451,0.0,74,6840,0,1,1,25,4.0
santiserver,2024-04-29,Squad,1,739,1072.0,0,3738,1,Smoke Bomber,M4,Sniper Artic .50,0,0.235,0.0,33,5874,0,0,4,25,16.0
santiserver,2024-04-29,Squad,4,1494,1159.0,2,3696,0,Smoke Bomber,M4,Sniper Artic .50,1,0.614,0.25,71,6619,0,0,2,25,8.0
santiserver,2024-04-29,Squad,3,826,973.0,0,5347,4,Smoke Bomber,M4,Sniper Artic .50,1,0.223,0.0,29,5602,0,0,4,25,16.0
santiserver,2024-04-29,Squad,6,1901,1020.0,0,4329,2,Smoke Bomber,M4,Sniper Artic .50,1,0.41600000000000004,0.16699999999999998,74,6279,0,1,1,26,3.8461538461538463
santiserver,2024-04-29,Squad,4,2148,958.0,1,5413,3,Smoke Bomber,M4,Sniper Artic .50,1,0.24600000000000002,0.0,48,5625,0,0,5,25,20.0
santiserver,2024-04-29,Squad,3,1942,1141.0,2,3359,5,Smoke Bomber,M4,Sniper Artic .50,1,0.289,0.667,52,6375,0,0,4,26,15.384615384615385
santiserver,2024-04-30,Squad,1,1243,1040.0,1,5002,3,Smoke Bomber,M4,Sniper Artic .50,1,0.081,0.0,31,5727,0,0,5,26,19.230769230769234
santiserver,2024-04-30,Squad,4,2328,1004.0,0,5507,3,Smoke Bomber,M4,Sniper Artic .50,1,0.331,0.0,61,5906,0,0,2,25,8.0
santiserver,2024-04-30,Squad,2,846,822.0,0,3408,1,Smoke Bomber,M4,Sniper Artic .50,0,0.24100000000000002,0.5,-4,4816,0,0,9,25,36.0
santiserver,2024-04-30,Squad,2,528,525.0,0,2678,0,Smoke Bomber,M4,Sniper Artic .50,0,0.353,0.0,-42,2915,1,0,20,26,76.92307692307693
santiserver,2024-05-02,Squad,0,189,503.0,0,1882,1,Smoke Bomber,M4,Sniper Artic .50,0,0.125,0.0,0,3194,0,0,8,27,29.629629629629626
santiserver,2024-05-02,Squad,4,2006,830.0,0,3851,2,Smoke Bomber,M4,Sniper Artic .50,1,0.419,0.25,25,5037,0,0,6,26,23.076923076923077
santiserver,2024-05-02,Squad,4,1114,678.0,0,3616,1,Smoke Bomber,M4,Sniper Artic .50,1,0.222,0.0,-14,4234,0,0,12,25,48.0
santiserver,2024-05-02,Squad,2,550,197.0,0,1903,1,Smoke Bomber,M4,Sniper Artic .50,0,0.547,0.0,-43,1833,1,0,22,26,84.61538461538461
santiserver,2024-05-02,Squad,2,834,650.0,0,3942,1,Smoke Bomber,M4,Sniper Artic .50,0,0.33299999999999996,0.0,-16,4091,0,0,12,26,46.15384615384615
santiserver,2024-05-02,Squad,1,521,965.0,0,4570,2,Smoke Bomber,M4,Sniper Artic .50,0,0.15,0.0,46,5616,0,0,5,25,20.0
santiserver,2024-05-02,Squad,9,2383,1210.0,1,4346,3,Smoke Bomber,M4,Sniper Artic .50,1,0.237,0.222,45,7632,1,0,2,25,8.0
dayiszc,2024-05-02,Single,3,735,269.0,0,1858,0,Rewind,AK47,Bazzoca FHJ,0,0.48100000000000004,0.667,-42,1623,0,0,73,100,73.0
dayiszc,2024-05-02,Single,7,1478,971.0,0,3314,2,Rewind,AK47,Bazzoca FHJ,0,0.281,0.28600000000000003,26,5702,0,0,6,100,6.0
dayiszc,2024-05-02,Single,9,2484,1088.0,0,3939,2,Rewind,AK47,Bazzoca FHJ,1,0.293,0.111,58,6569,0,1,1,100,1.0
dayiszc,2024-05-02,Single,7,1989,999.0,0,4331,1,Rewind,AK47,Bazzoca FHJ,1,0.32899999999999996,0.222,25,6001,0,0,7,100,7.000000000000001
dayiszc,2024-05-02,Single,9,1399,1241.0,0,4314,1,Rewind,AK47,Bazzoca FHJ,1,0.29100000000000004,0.33299999999999996,37,7066,0,0,3,100,3.0
dayiszc,2024-05-02,Single,8,1798,1055.0,0,3763,0,Rewind,AK47,Bazzoca FHJ,1,0.24,0.125,37,6160,0,0,3,100,3.0
krisshot,2024-04-19,Squad,1,199,665.0,0,3229,2,Clown,Oden,Sniper DLQ,0,0.161,0.0,9,4237,0,0,12,25,48.0
krisshot,2024-04-19,Squad,1,312,376.0,0,2713,2,Clown,Oden,Sniper DLQ,0,0.192,0.0,0,2792,1,0,18,25,72.0
krisshot,2024-04-19,Squad,3,1145,716.0,1,3550,2,Clown,Oden,Sniper DLQ,1,0.71,0.33299999999999996,20,4805,0,0,10,26,38.46153846153847
krisshot,2024-04-19,Squad,2,605,920.0,0,4413,2,Clown,Oden,Sniper DLQ,0,0.37,0.0,60,4580,0,0,3,27,11.11111111111111
krisshot,2024-04-20,Squad,2,709,980.0,0,3970,3,Clown,Oden,Sniper DLQ,0,0.147,0.0,69,6100,1,0,2,26,7.6923076923076925
krisshot,2024-04-21,Squad,0,412,937.0,1,3780,2,Clown,Oden,Sniper DLQ,0,0.33299999999999996,0.0,47,5610,0,0,3,25,12.0
krisshot,2024-04-21,Squad,8,1934,823.0,2,3422,7,Clown,Oden,Sniper DLQ,1,0.261,0.125,40,5840,0,0,7,25,28.000000000000004
krisshot,2024-04-21,Squad,4,1267,529.0,0,3349,4,Clown,Oden,Sniper DLQ,1,0.28300000000000003,0.0,9,3857,1,0,15,25,60.0
krisshot,2024-04-21,Squad,5,1238,971.0,0,5285,5,Clown,Oden,Sniper DLQ,1,0.36200000000000004,0.4,61,6280,1,0,4,26,15.384615384615385
krisshot,2024-04-21,Squad,1,647,698.0,0,3489,1,Clown,Oden,Sniper DLQ,0,0.19699999999999998,0.0,9,4515,0,0,10,27,37.03703703703704
krisshot,2024-04-22,Squad,2,932,900.0,0,3956,2,Clown,Oden,Sniper DLQ,0,0.336,0.0,34,5625,0,0,6,25,24.0
krisshot,2024-04-22,Squad,3,701,809.0,0,3760,3,Clown,Oden,Sniper DLQ,0,0.366,0.33299999999999996,49,5480,0,0,5,25,20.0
krisshot,2024-04-22,Squad,3,723,520.0,1,1927,1,Clown,Oden,Sniper DLQ,0,0.585,0.0,-10,3860,1,0,17,26,65.38461538461539
krisshot,2024-04-22,Squad,1,376,584.0,0,2317,1,Clown,Oden,Sniper DLQ,0,0.778,0.0,-3,3832,0,0,14,25,56.00000000000001
krisshot,2024-04-22,Squad,6,1805,1162.0,0,3512,6,Clown,Oden,Sniper DLQ,1,0.336,0.16699999999999998,69,7335,0,0,3,26,11.538461538461538
krisshot,2024-04-22,Squad,4,973,1182.0,0,6782,6,Clown,Oden,Sniper DLQ,1,0.387,0.0,105,7435,1,1,1,26,3.8461538461538463
krisshot,2024-04-23,Squad,0,477,810.0,1,3572,8,Clown,Oden,Sniper DLQ,0,0.129,0.0,18,4975,0,0,9,26,34.61538461538461
krisshot,2024-04-24,Squad,2,645,864.0,0,2653,3,Clown,Oden,Sniper DLQ,0,0.711,0.5,1,4266,0,0,5,25,20.0
krisshot,2024-04-24,Squad,0,176,407.0,0,2634,1,Clown,Oden,Sniper DLQ,1,0.174,0.0,0,2847,0,0,3,25,12.0
krisshot,2024-04-24,Squad,2,581,405.0,0,2581,1,Clown,Oden,Sniper DLQ,0,0.40299999999999997,0.0,-23,3037,0,0,19,26,73.07692307692307
krisshot,2024-04-24,Squad,3,799,315.0,0,1895,2,Clown,Oden,Sniper DLQ,0,0.43,0.0,-24,2687,0,0,20,25,80.0
krisshot,2024-04-24,Squad,1,108,610.0,0,3094,0,Clown,Oden,Sniper DLQ,0,0.10800000000000001,0.0,4,3962,0,0,16,50,32.0
krisshot,2024-04-25,Squad,4,1007,1064.0,0,4101,6,Clown,Oden,Sniper DLQ,1,0.537,0.0,64,12096,1,0,2,25,8.0
krisshot,2024-04-26,Squad,2,1014,1109.0,0,4938,2,Clown,Oden,Sniper DLQ,1,0.42100000000000004,0.0,67,12366,1,1,1,26,3.8461538461538463
krisshot,2024-04-26,Squad,0,0,395.0,0,2722,0,Clown,Oden,Sniper DLQ,0,0.0,0.0,-21,5017,1,0,18,25,72.0
krisshot,2024-04-26,Squad,1,618,611.0,0,2856,3,Clown,Oden,Sniper DLQ,0,0.287,0.0,0,7141,0,0,7,25,28.000000000000004
krisshot,2024-04-26,Squad,6,1660,1160.0,1,6536,9,Clown,Oden,Sniper DLQ,1,0.175,0.0,84,13545,1,1,1,25,4.0
krisshot,2024-04-27,Squad,5,1432,1036.0,1,4434,4,Clown,Oden,Sniper DLQ,1,0.35100000000000003,0.0,81,12249,0,1,1,25,4.0
krisshot,2024-04-27,Squad,9,2554,1018.0,2,5074,7,Clown,Oden,Sniper DLQ,1,0.444,0.111,168,12807,0,1,1,25,4.0
krisshot,2024-04-27,Squad,5,1215,994.0,0,4648,2,Clown,Oden,Sniper DLQ,1,0.35700000000000004,0.0,43,11511,0,0,6,25,24.0
krisshot,2024-04-28,Squad,2,399,661.0,0,3752,2,Clown,Oden,Sniper DLQ,0,0.193,0.0,6,7798,1,0,11,26,42.30769230769231
krisshot,2024-04-28,Squad,5,1406,1161.0,1,6198,7,Clown,Oden,Sniper DLQ,1,0.35600000000000004,0.0,77,7727,0,1,1,25,4.0
krisshot,2024-04-28,Squad,8,2459,1072.0,0,4500,6,Clown,Oden,Sniper DLQ,1,0.366,0.25,63,7446,1,0,2,25,8.0
krisshot,2024-04-28,Squad,1,437,1041.0,3,4905,4,Clown,Oden,Sniper DLQ,0,0.33899999999999997,0.0,50,6479,0,0,3,26,11.538461538461538
krisshot,2024-04-28,Squad,3,589,927.0,1,4756,4,Clown,Oden,Sniper DLQ,0,0.198,0.0,41,5860,0,0,4,26,15.384615384615385
krisshot,2024-04-28,Squad,12,2361,1090.0,1,6079,5,Clown,Oden,Sniper DLQ,1,0.303,0.083,78,7775,0,1,1,27,3.7037037037037033
krisshot,2024-04-29,Squad,5,1320,1147.0,1,3601,5,Clown,Oden,Sniper DLQ,1,0.21600000000000003,0.2,64,7360,0,1,1,25,4.0
krisshot,2024-04-30,Squad,4,767,1238.0,0,5033,2,Clown,Oden,Sniper DLQ,0,0.29600000000000004,0.0,104,7590,1,0,2,25,8.0
krisshot,2024-04-30,Squad,1,296,887.0,1,4860,0,Clown,Oden,Sniper DLQ,0,0.298,0.0,7,5460,0,0,10,27,37.03703703703704
krisshot,2024-05-01,Squad,4,2175,1006.0,4,4400,4,Clown,Oden,Sniper DLQ,1,0.182,0.25,54,6355,0,0,3,25,12.0
krisshot,2024-05-01,Squad,2,1001,795.0,0,2992,3,Clown,Oden,Sniper DLQ,1,0.43200000000000005,0.0,24,5304,0,0,7,25,28.000000000000004
krisshot,2024-05-01,Squad,6,2139,1071.0,2,4813,5,Clown,Oden,Sniper DLQ,1,0.41100000000000003,0.0,63,7155,1,0,4,26,15.384615384615385
krisshot,2024-05-01,Squad,5,1945,1168.0,1,2921,5,Clown,Oden,Sniper DLQ,1,0.462,0.0,1,4152,0,0,16,26,61.53846153846154
krisshot,2024-05-01,Squad,7,2040,1059.0,1,4052,4,Clown,Oden,Sniper DLQ,1,0.47700000000000004,0.14300000000000002,46,6920,1,0,3,25,12.0
krisshot,2024-05-02,Squad,8,2966,1096.0,1,5871,6,Clown,Oden,Sniper DLQ,1,0.203,0.125,76,7405,0,1,1,25,4.0
krisshot,2024-05-02,Squad,4,1171,768.0,0,4036,2,Clown,Oden,Sniper DLQ,1,0.28300000000000003,0.0,14,5185,1,0,10,26,38.46153846153847
krisshot,2024-05-02,Squad,7,2645,1098.0,2,6354,10,Clown,Oden,Sniper DLQ,1,0.28600000000000003,0.14300000000000002,76,7315,1,1,1,25,4.0
krisshot,2024-05-02,Squad,6,2023,1031.0,4,4187,4,Clown,Oden,Sniper DLQ,1,0.498,0.16699999999999998,39,6680,0,0,3,25,12.0
bashary,2024-04-21,Squad,1,247,1159.0,0,5319,1,Spotter,AK47,Sniper Tundra,0,0.188,0.0,34,12411,1,0,2,25,8.0
bashary,2024-04-22,Squad,2,494,612.0,0,2712,0,Spotter,AK47,Sniper Tundra,0,0.163,0.0,-12,7330,0,0,11,25,44.0
bashary,2024-04-23,Squad,3,1102,1169.0,0,4794,2,Spotter,AK47,Sniper Tundra,1,0.309,0.33299999999999996,30,12861,1,0,2,25,8.0
bashary,2024-04-24,Squad,0,0,147.0,0,1795,0,Spotter,AK47,Sniper Tundra,0,0.0,0.0,0,2336,0,0,11,25,44.0
bashary,2024-04-25,Squad,3,1102,1169.0,0,4794,2,Spotter,AK47,Sniper Tundra,1,0.309,0.33299999999999996,30,12861,1,0,2,25,8.0
bashary,2024-04-26,Squad,6,1354,963.0,0,5258,0,Spotter,AK47,Sniper Tundra,1,0.39799999999999996,0.0,33,11412,1,0,3,25,12.0
bashary,2024-04-27,Squad,1,376,593.0,0,2733,0,Spotter,AK47,Sniper Tundra,0,0.239,0.0,-32,6979,0,0,14,27,51.85185185185185
bashary,2024-04-28,Squad,1,299,444.0,0,1533,0,Spotter,AK47,Sniper Tundra,0,0.364,0.0,-41,5638,0,0,19,25,76.0
bashary,2024-04-29,Squad,2,415,1010.0,0,4219,0,Spotter,AK47,Sniper Tundra,0,0.146,0.0,38,11250,1,0,2,25,8.0
bashary,2024-04-28,Squad,0,0,543.0,0,3259,0,Spotter,AK47,Sniper Tundra,0,0.0,0.0,-30,6349,0,0,17,26,65.38461538461539
bashary,2024-04-28,Squad,0,0,184.0,0,1427,0,Spotter,AK47,Sniper Tundra,0,0.0,0.0,-45,2961,0,0,24,26,92.3076923076923
bashary,2024-04-29,Squad,2,457,964.0,0,4952,0,Spotter,AK47,Sniper Tundra,0,0.2,0.0,53,11061,0,1,1,26,3.8461538461538463
bashary,2024-04-30,Squad,7,1603,1085.0,0,5894,1,Spotter,AK47,Sniper Tundra,1,0.409,0.0,45,13050,1,1,1,25,4.0
bashary,2024-04-30,Squad,4,1093,912.0,0,3700,4,Spotter,AK47,Sniper Tundra,1,0.355,0.0,23,10593,1,0,5,25,20.0
bashary,2024-05-01,Squad,4,1366,1058.0,0,4084,1,Spotter,AK47,Sniper Tundra,1,0.233,0.0,33,6615,0,0,3,25,12.0
bashary,2024-05-01,Squad,0,48,150.0,0,797,0,Spotter,AK47,Sniper Tundra,0,0.16699999999999998,0.0,-45,1475,1,0,27,27,100.0
bashary,2024-05-02,Squad,4,722,960.0,2,4480,7,Spotter,AK47,Sniper Tundra,0,0.15,0.25,25,11025,1,0,6,25,24.0
bashary,2024-05-02,Squad,6,1679,1057.0,0,4974,9,Spotter,AK47,Sniper Tundra,1,0.295,0.0,34,6885,0,0,2,26,7.6923076923076925
bashary,2024-05-02,Squad,5,1848,726.0,0,3798,1,Spotter,AK47,Sniper Tundra,1,0.32,0.2,27,4942,0,0,15,27,55.55555555555556
toporouge,2024-04-24,Squad,4,1034,1107.0,1,4073,3,Scout,AK117,Sniper XPR 50,1,0.485,0.25,174,6935,0,0,2,25,8.0
toporouge,2024-04-24,Squad,1,299,1014.0,0,2067,1,Scout,AK117,Sniper XPR 50,0,0.49200000000000005,0.0,0,2878,0,0,2,25,8.0
toporouge,2024-04-24,Squad,5,1411,934.0,1,2993,2,Scout,AK117,Sniper XPR 50,1,0.491,0.0,83,6095,0,0,6,26,23.076923076923077
toporouge,2024-04-24,Duo,9,2313,900.0,0,3224,0,Scout,AK117,Sniper XPR 50,1,0.516,0.0,88,6325,0,0,7,50,14.000000000000002
toporouge,2024-04-25,Duo,14,2962,1150.0,1,4679,4,Scout,AK117,Sniper XPR 50,1,0.6679999999999999,0.071,138,8150,1,0,2,52,3.8461538461538463
toporouge,2024-04-25,Duo,1,263,430.0,0,2202,2,Scout,AK117,Sniper XPR 50,0,0.455,0.0,0,2875,0,0,33,50,66.0
toporouge,2024-04-25,Squad,4,1220,1083.0,0,4509,5,Scout,AK117,Sniper XPR 50,1,0.512,0.0,109,6740,1,0,4,27,14.814814814814813
toporouge,2024-04-25,Single,7,1414,1112.0,0,3371,3,Scout,AK117,Sniper XPR 50,1,0.541,0.0,143,7185,1,0,4,100,4.0
toporouge,2024-04-25,Single,7,1743,1026.0,0,4280,1,Scout,AK117,Sniper XPR 50,1,0.604,0.28600000000000003,95,6755,0,0,3,100,3.0
toporouge,2024-04-26,Single,9,2210,1028.0,0,3266,1,Scout,AK117,Sniper XPR 50,1,0.584,0.0,94,6995,0,0,3,100,3.0
toporouge,2024-04-26,Single,4,850,780.0,0,3303,0,Scout,AK117,Sniper XPR 50,0,0.5579999999999999,0.0,12,5025,0,0,25,100,25.0
toporouge,2024-04-26,Single,3,905,1159.0,0,3052,3,Scout,AK117,Sniper XPR 50,1,0.75,0.0,124,7095,0,0,2,100,2.0
toporouge,2024-04-26,Single,3,513,743.0,0,3300,2,Scout,AK117,Sniper XPR 50,0,0.6559999999999999,0.0,28,4827,0,0,17,100,17.0
toporouge,2024-04-27,Single,0,0,75.0,0,1341,0,Scout,AK117,Sniper XPR 50,0,0.0,0.0,-30,475,1,0,99,100,99.0
toporouge,2024-04-28,Single,1,581,552.0,0,2522,5,Scout,AK117,Sniper XPR 50,0,0.679,1.0,-6,3485,0,0,40,100,40.0
toporouge,2024-04-28,Single,0,240,273.0,0,2339,0,Scout,AK117,Sniper XPR 50,0,0.067,0.0,-25,1677,0,0,62,100,62.0
toporouge,2024-04-28,Single,6,1251,535.0,0,2856,0,Scout,AK117,Sniper XPR 50,1,0.486,0.0,-1,3900,0,0,40,100,40.0
toporouge,2024-04-28,Single,1,269,261.0,0,1859,0,Scout,AK117,Sniper XPR 50,0,0.529,0.0,-28,1605,0,0,71,100,71.0
toporouge,2024-04-28,Single,5,956,952.0,0,3331,1,Scout,AK117,Sniper XPR 50,0,0.7859999999999999,0.0,76,11133,1,0,8,100,8.0
toporouge,2024-04-28,Single,7,1480,1191.0,0,3503,4,Scout,AK117,Sniper XPR 50,1,0.483,0.14300000000000002,128,7655,0,0,2,100,2.0
toporouge,2024-04-28,Single,3,882,1098.0,0,2938,0,Scout,AK117,Sniper XPR 50,0,0.75,0.0,82,6715,0,0,3,100,3.0
toporouge,2024-04-28,Single,2,613,422.0,0,1863,2,Scout,AK117,Sniper XPR 50,0,0.379,0.0,-18,2722,1,0,58,100,57.99999999999999
toporouge,2024-04-29,Single,5,1104,688.0,0,3509,0,Scout,AK117,Sniper XPR 50,1,0.545,0.0,13,4665,0,0,24,100,24.0
toporouge,2024-04-29,Single,2,773,875.0,0,2971,0,Scout,AK117,Sniper XPR 50,0,0.272,0.0,43,5387,1,0,15,100,15.0
toporouge,2024-04-29,Single,6,943,1075.0,0,4656,3,Scout,AK117,Sniper XPR 50,0,0.41200000000000003,0.16699999999999998,78,6900,0,0,3,100,3.0
toporouge,2024-04-29,Single,7,1381,1084.0,0,14015,2,Scout,AK117,Sniper XPR 50,1,0.36,0.14300000000000002,5,7045,1,0,3,100,3.0
toporouge,2024-04-29,Single,2,399,169.0,0,1264,0,Scout,AK117,Sniper XPR 50,0,0.636,0.0,-28,1145,1,0,87,100,87.0
toporouge,2024-04-30,Single,3,525,939.0,0,3909,2,Scout,AK117,Sniper XPR 50,0,0.361,0.0,76,5920,0,0,5,100,5.0
toporouge,2024-04-30,Single,4,714,1046.0,0,2660,4,Scout,AK117,Sniper XPR 50,0,0.48100000000000004,0.0,53,6555,0,0,5,100,5.0
toporouge,2024-04-30,Single,4,1079,795.0,0,2827,0,Scout,AK117,Sniper XPR 50,1,0.574,0.25,5,5100,0,0,28,100,28.000000000000004
toporouge,2024-04-30,Single,11,2443,1205.0,0,3924,5,Scout,AK117,Sniper XPR 50,1,0.64,0.091,76,8250,1,1,1,100,1.0
toporouge,2024-05-01,Single,7,1769,1232.0,0,3955,8,Scout,AK117,Sniper XPR 50,1,0.39899999999999997,0.28600000000000003,79,7860,0,0,2,100,2.0
toporouge,2024-05-01,Single,3,549,1140.0,0,4415,2,Scout,AK117,Sniper XPR 50,0,0.605,0.0,52,6925,0,0,6,100,6.0
toporouge,2024-05-01,Single,12,2935,1167.0,0,3741,3,Scout,AK117,Sniper XPR 50,1,0.441,0.33299999999999996,110,8160,1,1,1,100,1.0
toporouge,2024-05-01,Single,8,1837,1121.0,0,4650,0,Scout,AK117,Sniper XPR 50,1,0.435,0.125,110,7530,1,1,1,100,1.0
toporouge,2024-05-01,Duo,2,350,1015.0,0,4277,1,Scout,AK117,Sniper XPR 50,0,0.386,0.0,101,6656,0,1,1,50,2.0
toporouge,2024-05-01,Single,8,1654,1134.0,0,4414,1,Scout,AK117,Sniper XPR 50,1,0.505,0.25,264,7595,0,1,1,100,1.0
toporouge,2024-05-02,Single,3,830,376.0,0,2622,0,Scout,AK117,Sniper XPR 50,0,1.0,0.33299999999999996,26,2680,0,0,50,100,50.0
toporouge,2024-05-02,Duo,6,1214,1081.0,0,4972,0,Scout,AK117,Sniper XPR 50,1,0.38299999999999995,0.16699999999999998,299,7285,1,0,2,50,4.0
toporouge,2024-05-02,Duo,2,499,470.0,0,1909,0,Scout,AK117,Sniper XPR 50,0,0.6920000000000001,0.0,-15,3302,0,0,35,50,70.0
toporouge,2024-05-02,Single,10,1972,1163.0,0,2579,5,Scout,AK117,Sniper XPR 50,1,0.483,0.1,209,7940,1,1,1,100,1.0
toporouge,2024-05-02,Single,7,1589,1158.0,0,3304,2,Scout,AK117,Sniper XPR 50,1,0.392,0.5710000000000001,158,7490,1,0,2,100,2.0
romanoski,2024-04-21,Squad,4,1603,1086.0,0,4171,9,Pumped,AK47,Bazzoca FHJ,1,0.19699999999999998,0.0,93,6955,0,1,1,25,4.0
romanoski,2024-04-22,Squad,2,444,1020.0,0,4169,0,Pumped,AK47,Bazzoca FHJ,0,0.18899999999999997,0.0,45,6225,0,0,4,25,16.0
romanoski,2024-04-23,Squad,2,499,590.0,0,2935,2,Pumped,AK47,Bazzoca FHJ,0,0.28,0.0,0,3962,0,0,17,25,68.0
romanoski,2024-04-23,Squad,2,397,870.0,1,5000,2,Pumped,AK47,Bazzoca FHJ,0,0.162,0.0,30,5475,0,0,6,25,24.0
romanoski,2024-04-23,Squad,0,0,99.0,0,785,0,Pumped,AK47,Bazzoca FHJ,0,0.0,0.0,0,1220,1,0,26,26,100.0
romanoski,2024-04-23,Squad,5,1254,1103.0,3,5139,11,Pumped,AK47,Bazzoca FHJ,1,0.225,0.0,61,7015,1,0,2,25,8.0
romanoski,2024-04-23,Squad,2,499,1131.0,0,3528,4,Pumped,AK47,Bazzoca FHJ,0,0.081,0.0,62,6255,0,0,2,26,7.6923076923076925
romanoski,2024-04-24,Squad,3,942,917.0,0,4131,3,Pumped,AK47,Bazzoca FHJ,1,0.248,0.0,34,5810,0,0,7,26,26.923076923076923
romanoski,2024-04-25,Squad,1,567,1054.0,0,5385,4,Pumped,AK47,Bazzoca FHJ,0,0.129,0.0,49,6295,1,0,3,25,12.0
romanoski,2024-04-26,Squad,1,200,150.0,0,1965,0,Pumped,AK47,Bazzoca FHJ,0,0.857,0.0,0,1575,1,0,26,26,100.0
romanoski,2024-04-26,Squad,6,1493,1071.0,0,3981,8,Pumped,AK47,Bazzoca FHJ,1,0.142,0.16699999999999998,84,7080,0,1,1,25,4.0
romanoski,2024-04-26,Squad,2,680,1190.0,1,6385,6,Pumped,AK47,Bazzoca FHJ,0,0.22699999999999998,0.0,80,7275,0,1,1,26,3.8461538461538463
romanoski,2024-04-26,Squad,2,1191,1027.0,0,3484,6,Pumped,AK47,Bazzoca FHJ,1,0.161,0.0,71,6260,0,0,3,25,12.0
romanoski,2024-04-26,Squad,1,472,1054.0,0,3636,1,Pumped,AK47,Bazzoca FHJ,0,0.084,0.0,50,6295,0,0,5,25,20.0
romanoski,2024-04-28,Squad,3,1012,1060.0,0,5034,9,Pumped,AK47,Bazzoca FHJ,1,0.212,0.0,73,12374,1,1,1,26,3.8461538461538463
romanoski,2024-04-28,Squad,0,211,195.0,0,1633,1,Pumped,AK47,Bazzoca FHJ,0,1.0,0.0,-28,3128,1,0,24,26,92.3076923076923
romanoski,2024-04-29,Squad,4,729,1111.0,0,5762,3,Pumped,AK47,Bazzoca FHJ,0,0.125,0.0,75,12744,1,1,1,25,4.0
romanoski,2024-04-29,Squad,2,1252,657.0,0,3944,4,Pumped,AK47,Bazzoca FHJ,1,0.22,0.0,19,8114,0,0,9,25,36.0
romanoski,2024-04-29,Squad,5,1378,1071.0,2,5189,4,Pumped,AK47,Bazzoca FHJ,1,0.371,0.0,56,12204,1,0,3,25,12.0
romanoski,2024-04-29,Squad,3,322,1122.0,1,4408,3,Pumped,AK47,Bazzoca FHJ,0,0.313,0.0,47,7186,1,0,2,25,8.0
romanoski,2024-04-30,Squad,2,411,1043.0,0,4450,1,Pumped,AK47,Bazzoca FHJ,0,0.35100000000000003,0.0,75,6671,0,0,2,26,7.6923076923076925
romanoski,2024-05-01,Squad,1,300,637.0,0,2124,0,Pumped,AK47,Bazzoca FHJ,0,0.391,0.0,-11,4097,0,0,12,25,48.0
romanoski,2024-05-01,Squad,7,2186,1198.0,1,6058,15,Pumped,AK47,Bazzoca FHJ,1,0.192,0.0,103,7815,0,1,1,27,3.7037037037037033
romanoski,2024-05-01,Squad,6,1743,963.0,0,4984,9,Pumped,AK47,Bazzoca FHJ,1,0.275,0.0,58,6340,0,0,4,28,14.285714285714285
romanoski,2024-05-01,Squad,1,514,885.0,2,4526,3,Pumped,AK47,Bazzoca FHJ,0,0.25,0.0,31,5450,0,0,7,25,28.000000000000004
romanoski,2024-05-01,Squad,1,299,1199.0,0,2373,2,Pumped,AK47,Bazzoca FHJ,0,0.254,0.0,57,7095,1,0,2,25,8.0
romanoski,2024-05-01,Squad,3,2365,1170.0,0,4999,5,Pumped,AK47,Bazzoca FHJ,1,0.17300000000000001,0.0,82,6693,0,1,1,26,3.8461538461538463
romanoski,2024-05-01,Squad,2,782,1103.0,1,4343,3,Pumped,AK47,Bazzoca FHJ,0,0.154,0.5,42,6177,0,0,2,25,8.0
romanoski,2024-05-01,Squad,4,832,1027.0,0,4503,1,Pumped,AK47,Bazzoca FHJ,0,0.157,0.25,72,6127,0,1,1,26,3.8461538461538463
romanoski,2024-05-02,Squad,4,1476,1155.0,1,5002,4,Pumped,AK47,Bazzoca FHJ,1,0.17300000000000001,0.0,73,6716,0,1,1,26,3.8461538461538463
romanoski,2024-05-02,Squad,2,794,1147.0,3,4118,6,Pumped,AK47,Bazzoca FHJ,0,0.235,1.0,33,6380,0,0,2,26,7.6923076923076925
romanoski,2024-05-02,Squad,5,1266,1086.0,0,6259,3,Pumped,AK47,Bazzoca FHJ,1,0.18600000000000003,0.4,73,6490,0,1,1,25,4.0
romanoski,2024-05-02,Squad,6,1547,1038.0,3,5530,10,Pumped,AK47,Bazzoca FHJ,1,0.192,0.0,76,6361,0,1,1,25,4.0
romanoski,2024-05-02,Squad,0,12,176.0,0,1052,0,Pumped,AK47,Bazzoca FHJ,0,0.05,0.0,-15,1540,1,0,25,26,96.15384615384616
